URL,Business Name,Phone Number,Address,Website,Email
https://www.houzz.com/professionals/general-contractors/lifestyle-designs-and-remodeling-pfvwus-pf~475248469,Lifestyle Designs and Remodeling,(737) 402-2618,"Cedar Park, Texas 78613 United States",https://www.buildwithustx.com,filler@godaddy.com
https://www.houzz.com/professionals/specialty-contractors/stain-construction-llc-pfvwus-pf~2050301170,"Stain Construction, LLC",(737) 265-3642,"Austin, Texas 78752 United States",https://www.stainconstruction.com/,hayden@stainconstruction.com
https://www.houzz.com/professionals/general-contractors/nuhorizon-remodeling-pfvwus-pf~978442602,Nuhorizon Remodeling,(737) 324-7818,"9442 Capital of Texas Highway North Arboretum Plaza, Suite 516 Austin, Texas 78759 United States",https://WWW.NUHORIZONREMODELING.COM,office@nuhorizonremodeling.com
https://www.houzz.com/professionals/general-contractors/canyon-construction-pfvwus-pf~152541231,Canyon Construction,(512) 580-8809,"Austin, Texas 78746 United States",https://www.canyoncon.com,calvin@canyoncon.com
https://www.houzz.com/professionals/general-contractors/bes-builder-pfvwus-pf~1355329247,Bes Builder,(512) 856-9873,"3301 Northland Dr, Ste 315 Austin, Texas 78731 United States",https://www.BesBuilder.com,filler@godaddy.com
https://www.houzz.com/professionals/general-contractors/tovar-construction-pfvwus-pf~185332250,Tovar Construction,(512) 350-3818,"16238 Ranch Rd 620 N #E138 Austin, Texas 78717 United States",https://www.tovarllc.com,chris@tovarllc.com
https://www.houzz.com/professionals/general-contractors/harvest-builders-atx-llc-pfvwus-pf~1133450406,"HARVEST BUILDERS ATX, LLC.",(512) 954-5522,"Austin, Texas 78748 United States",https://harvestdb.com,rvaz.harvest@gmail.com
https://www.houzz.com/professionals/general-contractors/jonestar-construction-pfvwus-pf~977695938,Jonestar Construction,(832) 558-8289,"2501 S. Bagdad Rd. Unit B Leander, Texas 78641 United States",https://www.jonestarconstruction.com/,example@mysite.com
https://www.houzz.com/professionals/general-contractors/tha-construction-pfvwus-pf~1740738996,THA Construction,(512) 736-8585,"3020 Cajuiles Drive Pflugerville, Texas 78660 United States",https://thaconstruction.com/,thaconstructionatx@gmail.com
https://www.houzz.com/professionals/general-contractors/adams-project-services-of-texas-pfvwus-pf~1103483359,Adams Project Services of Texas,(512) 699-7124,"P.O. Box 805 McDade, Texas 78650 United States",https://apsoftx.com,apsoftx@yahoo.com
https://www.houzz.com/professionals/general-contractors/tayton-construction-pfvwus-pf~566864355,Tayton Construction,(512) 222-6389,"9901 Brodie Ln Suite 160 Austin, Texas 78748 United States",https://www.taytonconstruction.com,build@taytonconstruction.com
https://www.houzz.com/professionals/specialty-contractors/knockout-punch-and-trim-pfvwus-pf~349316345,Knockout Punch & Trim,(254) 266-6199,"212 cedar ridge dr Nolanville, Texas 76559 United States",https://knockoutpunchandtrim.com/,team@latofonts.com
https://www.houzz.com/professionals/general-contractors/dlp-contracting-llc-pfvwus-pf~1800462002,"DLP Contracting, LLC",(830) 359-2009,"151 Oak Pointe New Braunfels, Texas 78132 United States",https://dlpcontracting.net,dpineda@dlpcontracting.net
https://www.houzz.com/professionals/general-contractors/risher-martin-pfvwus-pf~2046903330,Risher Martin,(512) 495-9090,"3904 Medical Parkway Suite A Austin, Texas 78756 United States",https://www.rishermartin.com/,puevf@evfureznegva.pbz
https://www.houzz.com/professionals/general-contractors/austin-fieldworks-pfvwus-pf~471382401,Austin Fieldworks,(512) 947-1173,"Austin, Texas 78723 United States",https://www.austinfieldworks.com/,austinfieldworks@gmail.com
https://www.houzz.com/professionals/general-contractors/integrity-residential-services-llc-pfvwus-pf~1863877480,Integrity Residential Services LLC.,(512) 361-4647,"Pflugerville, Texas 78660 United States",https://www.IntegrityLandscapeTx.com,filler@godaddy.com
https://www.houzz.com/professionals/general-contractors/inside-out-remodeling-pfvwus-pf~313747318,Inside Out Remodeling,(512) 842-9961,"Austin, Texas United States",https://www.iorconstruction.com,04.14.20-katienikah-katharinepowell@gmail.com
https://www.houzz.com/professionals/general-contractors/marks-builders-pfvwus-pf~1479675195,Marks Builders,(512) 345-0965,"Austin, Texas United States",https://marksbuilders.com,dustinmarks@marksbuilders.com
https://www.houzz.com/professionals/general-contractors/t-a-todd-construction-pfvwus-pf~722497786,T A Todd Construction,(512) 930-5188,"Georgetown, Texas 78628 United States",https://www.tatoddconstruction.com/,office@tatoddconstruction.com
https://www.houzz.com/professionals/general-contractors/austin-jones-enterprises-pfvwus-pf~2014990803,Austin Jones Enterprises,(737) 232-6235,"Austin, Texas 78729 United States",https://www.austinjonescompany.com/,austinjonesent@yahoo.com
https://www.houzz.com/professionals/general-contractors/candm-construction-and-home-services-llc-pfvwus-pf~1389503190,C&M Construction and Home Services LLC,(737) 332-2098,"755 Louis Henna Blvd Round Rock, Texas 78664 United States",https://cmconstructionandhomeservices.com/,mike@bestconstructionintexas.com
https://www.houzz.com/professionals/general-contractors/capital-state-remodel-pfvwus-pf~848924086,Capital State Remodel,(512) 800-8986,"Austin, Texas 78757 United States",https://capitalstate.net,ariel@capitalstate.net
https://www.houzz.com/professionals/general-contractors/republic-building-co-pfvwus-pf~1798798914,Republic Building Co.,(832) 509-6810,"Austin, Texas 78753 United States",https://republicbuildingco.com,matt@republicco.com
https://www.houzz.com/professionals/general-contractors/honest-construction-and-design-pfvwus-pf~223465389,Honest Construction & Design,(512) 571-0541,". Austin, Texas 78701 United States",https://honestcd.com/,team@latofonts.com
https://www.houzz.com/professionals/general-contractors/krago-homes-llc-pfvwus-pf~1203226268,"Krago Homes, LLC",(737) 215-4297,"Austin, Texas 78757 United States",https://kragohomesllc.com,kragohomes@gmail.com
https://www.houzz.com/professionals/general-contractors/devart8-construction-pfvwus-pf~1263193050,DevArt8 Construction,(512) 733-3192,"2511 W. Braker LN., #376 Austin, Texas 78758 United States",https://www.devart8-tx.com,office@devart8-tx.com
https://www.houzz.com/professionals/general-contractors/devore-construction-pfvwus-pf~1515406830,DeVore Construction,(203) 900-4947,"14 Rangely Dr Trumbull, Connecticut 06611 United States",https://www.devoreconstruction.com/,ryan.devore@devore-construction.com
https://www.houzz.com/professionals/general-contractors/keith-wing-custom-builders-pfvwus-pf~26899711,Keith Wing Custom Builders,(830) 266-9464,"New Braunfels, Texas 78132 United States",https://keithwing.com/,sales@keithwing.com
https://www.houzz.com/professionals/general-contractors/sendero-homes-pfvwus-pf~662881904,Sendero Homes,(512) 402-4540,"6907 N Capitol of Texas Hwy, Suite 370 Austin, Texas 78731 United States",https://www.SenderoHomes.com,dream@senderohomes.com
https://www.houzz.com/professionals/general-contractors/t-a-french-custom-builder-pfvwus-pf~218584581,T.A. French - Custom Builder,(830) 620-9953,"4571 FM 1102 New Braunfels, Texas 78132 United States",https://www.TAFrench.com,troy@tafrench.com
https://www.houzz.com/professionals/general-contractors/atx-outdoor-construction-llc-pfvwus-pf~1456280548,ATX Outdoor Construction LLC,(512) 213-8021,"229 hop holder ln cedar creek, Texas 78612 United States",https://atxoutdoorconstruction.com/,atxoutdoorconstruction@gmail.com
https://www.houzz.com/professionals/general-contractors/strut-design-build-pfvwus-pf~1420837825,Strut Design+Build,(512) 426-8503,"7610-B Highway 71 West Austin, Texas 78735 United States",https://www.strutdesignbuild.com,mike@strutdesignbuild.com
https://www.houzz.com/professionals/general-contractors/epic-design-build-llc-pfvwus-pf~1988219852,"Epic Design-Build, LLC",(512) 422-4695,"1890 North Cr 122 Round Rock, Texas 78665 United States",https://www.epicdesign-build.com,infoa@epicdesign-build.com
https://www.houzz.com/professionals/general-contractors/lecasa-homes-and-renovations-pfvwus-pf~1200341564,Lecasa Homes & Renovations,(512) 585-3654,"AUSTIN, Texas 78759 United States",https://www.lecasahomes.com,guillermo@lecasahomes.com
https://www.houzz.com/professionals/general-contractors/skywest-builders-pfvwus-pf~1829537401,SkyWest Builders,(512) 801-1536,"16505 Westview Trail Austin, Texas 78737 United States",https://skywestbuilders.com/,doug@skywestbuilders.com
https://www.houzz.com/professionals/general-contractors/montebella-homes-inc-pfvwus-pf~1545404145,"Montebella Homes, Inc.",(512) 468-1472,"Austin, Texas 78703 United States",https://www.montebella.com,team@latofonts.com
https://www.houzz.com/professionals/home-builders/pb-fine-construction-llc-pfvwus-pf~1325680448,"PB Fine Construction, LLC",(512) 413-6416,"1300 Kinney Avenue Austin, Texas 78704 United States",https://pbconstruction.net,pbconst55@gmail.com
https://www.houzz.com/professionals/general-contractors/square-construction-pfvwus-pf~1637728587,Square Construction,(512) 913-2302,"West Lake Hills, Texas 78746 United States",https://squareconstructionatx.com,brad@squareconstructionatx.com
https://www.houzz.com/professionals/general-contractors/kitchens-by-bell-llc-pfvwus-pf~1099062247,"Kitchens by Bell, LLC",(512) 905-4111,"Austin, Texas 78747 United States",https://kitchensbybell.com/,bert@kitchensbybell.com
https://www.houzz.com/professionals/general-contractors/ford-strei-builders-llc-pfvwus-pf~1292318513,"Ford Strei Builders, LLC",(512) 433-6875,"8810 Business Park Dr. Ste #300 Austin, Texas 78759 United States",https://www.fordstreibuilders.com,fsb@fsbcustom.com
https://www.houzz.com/professionals/general-contractors/castle-crafters-llc-pfvwus-pf~596092554,"Castle Crafters, LLC",(512) 785-4470,"PO Box 28722 Austin, Texas 78755 United States",https://www.castlecrafters.com,dennis@castlecrafters.com
https://www.houzz.com/professionals/general-contractors/limko-construction-pfvwus-pf~1581460468,Limko Construction,(512) 554-2093,"Pflugerville, Texas 78660 United States",https://limkoconstructiongroup.com,limkoconstruction@gmail.com
https://www.houzz.com/professionals/general-contractors/green-hill-remodeling-pfvwus-pf~1263348398,Green Hill Remodeling,(737) 529-4322,"1700 S Lamar Blvd #338 Austin, Texas 78704 United States",https://greenhillremodeling.com/,sales@greenhillremodeling.com
https://www.houzz.com/professionals/general-contractors/canyon-creek-design-build-pfvwus-pf~1737353624,Canyon Creek Design Build,(512) 585-9751,"Austin, Texas 78750 United States",https://canyoncreekdesignbuild.com,clint@canyoncreekdesignbuild.com
https://www.houzz.com/professionals/general-contractors/atx-elite-construction-llc-pfvwus-pf~1706542029,ATX Elite Construction LLC,(512) 369-2907,"Pflugerville, Texas United States",https://www.atxelitepros.com,atxelitepros@gmail.com
https://www.houzz.com/professionals/cabinets-and-cabinetry/forma-cabinetry-pfvwus-pf~944299963,FORMA CABINETRY,(512) 675-1368,"MARBLE FALLS, Texas 78654 United States",https://formacabinetry.com,gabriel@formacabinetry.com
https://www.houzz.com/professionals/general-contractors/lawler-contracting-services-llc-pfvwus-pf~2050724438,"Lawler Contracting Services, LLC",(512) 710-2374,"PO Box 14 Georgetown, Texas 78627 United States",https://www.lawlercontractingservices.com,tammy@lawlercontractingservices.com
https://www.houzz.com/professionals/general-contractors/true-home-construction-pfvwus-pf~1388938482,True Home Construction,(737) 333-6373,"30075 LIVE OAK TRAIL GEORGETOWN, Texas 78633 United States",https://truehomeconstructiontx.com,office@thctruehomeconstruction.com
https://www.houzz.com/professionals/general-contractors/jli-remodeling-inc-pfvwus-pf~345916733,JLI Remodeling Inc,(847) 386-9105,"3026 Commercial Ave North Brook, Illinois 78657 United States",https://www.jliremodelinginc.com,office@jlikb.com
https://www.houzz.com/professionals/general-contractors/new-braunfels-remodeling-pfvwus-pf~1451389788,New Braunfels Remodeling,(830) 237-1449,"New Braunfels, Texas 78130 United States",https://www.newbraunfelsremodeling.com,office@newbraunfelsremodeling.com
https://www.houzz.com/professionals/general-contractors/straight-and-level-construction-pfvwus-pf~813738307,Straight and Level Construction,(512) 577-9297,"5905 Haydens Cove Austin, Texas 78730 United States",https://straightlevel.com,john@straightlevel.com
https://www.houzz.com/professionals/general-contractors/centerline-services-pfvwus-pf~1705882693,Centerline Services,(719) 671-1475,"Kingsland, Texas United States",https://centerlineservices.net,sales@centerlineservices.net
https://www.houzz.com/professionals/general-contractors/messer-design-construction-pfvwus-pf~93111365,Messer Design + Construction,(512) 663-8003,"Austin, Texas 78703 United States",https://www.messerdc.com,aj@messerdc.com
https://www.houzz.com/professionals/general-contractors/renovate-in-texas-pfvwus-pf~1957914945,Renovate in Texas,(512) 879-8204,"Austin, Texas 78750 United States",https://www.renovateintexas.com,filler@godaddy.com
https://www.houzz.com/professionals/general-contractors/patriot-construction-and-handyman-service-pfvwus-pf~346690101,Patriot Construction and Handyman Service,(951) 756-1402,"Austin, Texas 78737 United States",https://patriotconstructionaustin.com,paul@patriotconstructionaustin.com
https://www.houzz.com/professionals/general-contractors/alabaster-austin-pfvwus-pf~1263732054,Alabaster Austin,(512) 760-7289,"7800 Shoal Creek Blvd Austin, Texas 78757 United States",https://www.alabasteraustin.com,partnerships@alabasteraustin.com
https://www.houzz.com/professionals/general-contractors/qualified-renovations-pfvwus-pf~188376198,Qualified Renovations,(512) 387-4777,"2500 W. William Cannon Ste 703 Austin, Texas 78745 United States",https://qualifiedrenovations.com,build@qualifiedrenovations.com
https://www.houzz.com/professionals/general-contractors/quality-texas-remodeling-llc-pfvwus-pf~1548623053,Quality Texas Remodeling LLC,(512) 964-8960,"2188 FM 1704 Elgin, Texas 78621 United States",https://qualitytexasremodelingllc.com,sales@qualitytexasremodelingllc.com
https://www.houzz.com/professionals/general-contractors/austinreworks-pfvwus-pf~634336153,AustinREworks,(512) 785-9765,"Round Rock, Texas 78681 United States",https://austinreworks.com,drew@austinreworks.com
https://www.houzz.com/professionals/general-contractors/texas-kingdom-builders-pfvwus-pf~1389560194,Texas Kingdom Builders,(512) 815-9999,"Austin, Texas 78736 United States",https://texaskingdombuilders.com,daniel@texaskingdombuilders.com
https://www.houzz.com/professionals/general-contractors/clint-small-custom-homes-pfvwus-pf~1543621085,Clint Small Custom Homes,,"Austin, Texas United States",https://clintsmallhomes.com,clint@clintsmallhomes.com
https://www.houzz.com/professionals/general-contractors/renovatepros-pfvwus-pf~1956245997,RenovatePros,(512) 746-7950,"13341 W US Hwy 290 Bldg 2 #B6 Austin, Texas 78737 United States",https://www.renovatepros.com,example@mysite.com
https://www.houzz.com/professionals/general-contractors/tenney-construction-pfvwus-pf~687972331,Tenney Construction,(512) 236-8356,"1804 Mohle Austin, Texas 78703 United States",https://www.TenneyConstruction.com,don@tenneyconstruction.com
https://www.houzz.com/professionals/general-contractors/diamondpoint-contractors-pfvwus-pf~440858642,DiamondPoint Contractors,(512) 945-8877,"4701 Duval Street Unit A Austin, Texas 78751 United States",https://www.diamondpointcontractors.com/,example@mysite.com
https://www.houzz.com/professionals/general-contractors/outland-construction-co-inc-pfvwus-pf~814687219,Outland Construction Co. Inc.,(512) 689-3964,"Austin, Texas 78750 United States",https://www.outlandco.com,alex@outlandco.com
https://www.houzz.com/professionals/general-contractors/anything-around-the-house-home-repair-pfvwus-pf~471124093,Anything Around The House Home Repair,(512) 577-9228,"Austin, Texas 78748 United States",https://www.anythingaroundthehouse.com,homerepair@anythingaroundthehouse.com
https://www.houzz.com/professionals/general-contractors/boling-construction-company-pfvwus-pf~1834070037,Boling Construction Company,(210) 316-9499,"Canyon Lake, Texas 78130 United States",https://bolingconstructioncompany.com,bolingconstructioncompany@gmail.com
https://www.houzz.com/professionals/general-contractors/a-r-lucas-construction-llc-pfvwus-pf~1224744795,"A. R. Lucas Construction, LLC",,"AUSTIN, Texas 78704 United States",https://arlucasconstruction.com,adam@arlucasconstruction.com
https://www.houzz.com/professionals/general-contractors/greater-than-builders-pfvwus-pf~1766664451,Greater Than Builders,(512) 355-0984,"Burnet, Texas 78611 United States",https://greaterthanbuilders.com,ben@greaterthanbuilders.com
https://www.houzz.com/professionals/general-contractors/bamboo-remodeling-pfvwus-pf~95358989,Bamboo Remodeling,(737) 213-5181,"13359 North Highway 183 Suite 406-702 Austin, Texas 78750 United States",https://bit.ly/2X0CKZf,me@jonathanmacdonald.com
https://www.houzz.com/professionals/general-contractors/gradek-contracting-and-design-pfvwus-pf~2015783003,GradeK Contracting & Design,(512) 917-1640,"Austin, Texas 73301 United States",https://gradekcontracting.com/,carl@gradekcontracting.com
https://www.houzz.com/professionals/general-contractors/lion-rei-pfvwus-pf~693162131,Lion REI,(512) 401-8126,"401 Purple Heart Dr Buda, Texas 78610 United States",https://lionrei.com,chris@lionrei.com
https://www.houzz.com/professionals/general-contractors/ria-bravo-design-pfvwus-pf~919060660,RIA BRAVO DESIGN,(615) 804-6008,"10611 Berthound Drive Austin, Texas 78758 United States",https://riabravodesign.com,ria@riabravodesign.com
https://www.houzz.com/professionals/general-contractors/home-reflections-construction-inc-pfvwus-pf~758923813,Home Reflections Construction Inc.,(512) 796-5070,"2910 Shotgun Lane Austin, Texas 78748 United States",https://www.hrctexas.com,hrctexas.com@gmail.com
https://www.houzz.com/professionals/general-contractors/keith-n-wolf-general-contractors-llc-pfvwus-pf~128882704,Keith -N- Wolf General Contractors LLC,(512) 796-4219,"Austin, Texas United States",https://www.KeithNWolf.com,jeff@keithnwolf.com
https://www.houzz.com/professionals/general-contractors/vision-remodeling-inc-pfvwus-pf~504934744,"Vision Remodeling, Inc.",(512) 775-7178,"Austin, Texas 78610 United States",https://www.visionremodelingtx.com,visionremodeling@att.net
https://www.houzz.com/professionals/general-contractors/boozer-construction-inc-pfvwus-pf~1510319678,"Boozer Construction, Inc",(512) 251-2237,"PO Box 1370 Pflugerville, Texas 78691 United States",https://boozerconstruction.com,rocky_slagle@hotmail.com
https://www.houzz.com/professionals/general-contractors/kimmell-builders-inc-pfvwus-pf~1292715665,"Kimmell Builders, Inc.",(512) 791-7303,"P.O. Box 1114 Dripping Springs, Texas 78620 United States",https://kimmellbuilders.com,barbara@kimmellbuilders.com
https://www.houzz.com/professionals/general-contractors/tyler-design-build-pfvwus-pf~2017760687,Tyler Design Build,(830) 461-8175,"New Braunfels, Texas 78130 United States",https://www.tylerdesignbuild.com,jtyler@tylerdesignbuild.com
https://www.houzz.com/professionals/general-contractors/custom-elite-remodeling-pfvwus-pf~1833566025,Custom Elite Remodeling,(512) 838-3876,"111 Trotter Dr Georgetown, Texas 78626 United States",https://customeliteremodeling.com,chris@customeliteremodeling.com
https://www.houzz.com/professionals/general-contractors/auriel-building-company-pfvwus-pf~2051279054,Auriel Building Company,(512) 777-8135,"1456 Cherry Creek Blvd. Spring Branch, Texas 78070 United States",https://www.aurieltx.com,robert@aurieltx.com
https://www.houzz.com/professionals/general-contractors/superior-seal-construction-pfvwus-pf~382192692,superior seal construction,(512) 618-8189,"parkview lane san marcos, Texas 78666 United States",https://www.superiorsealconstruction.com,paul@superiorsealconstruction.com
https://www.houzz.com/professionals/general-contractors/canyon-creek-construction-pfvwus-pf~2047892694,Canyon Creek Construction,(512) 585-9751,"Austin, Texas 78726 United States",https://canyoncreekconstructioncompany.com/,clint@canyoncreekdesignbuild.com
https://www.houzz.com/professionals/general-contractors/beck-reit-and-sons-ltd-pfvwus-pf~92358201,"Beck-Reit and Sons, Ltd",(512) 472-8833,"1109 Shady Lane Austin, Texas 78723 United States",https://www.beckreit.com,russ@beckreit.com
https://www.houzz.com/professionals/general-contractors/pro-service-painting-and-remodeling-pfvwus-pf~1704015261,Pro-Service Painting & Remodeling,(512) 301-5775,"15101 Dorothy Drive Austin, Texas 78734 United States",https://proservice@proremodelingaustin.com,
https://www.houzz.com/professionals/general-contractors/cobra-locksmith-llc-pfvwus-pf~1891213495,Cobra Locksmith LLC,(512) 375-8985,"Cedar Park, Texas 78613 United States",https://www.cobralocksmith.com,cobralocksmithtx@gmail.com
https://www.houzz.com/professionals/general-contractors/eagles-wings-home-improvement-services-pfvwus-pf~1955691329,Eagles Wings Home Improvement Services,(512) 930-3956,"PO Box 1206 GEORGETOWN, Texas 78627 United States",https://www.eagleswingshis.com,officemgr@eagleswingshis.com
https://www.houzz.com/professionals/general-contractors/robert-stephen-homes-ltd-pfvwus-pf~1384156958,"Robert Stephen Homes, Ltd.",(512) 203-0426,"PO Box 341269 Austin, Texas 78734 United States",https://www.robertstephenhomes.com,robert@robertstephenhomes.com
https://www.houzz.com/professionals/general-contractors/five-stones-construction-pfvwus-pf~562308255,Five Stones Construction,(512) 799-9618,"4107 Medical Parkway Austin, Texas 78756 United States",https://fivestonesconstruction.com,gboon@fivestonesconstruction.com
https://www.houzz.com/professionals/general-contractors/dom-solutions-llc-pfvwus-pf~1422442869,Dom Solutions LLC,(945) 243-8816,"5702 N. Hampton Dr Austin, Texas 78723 United States",https://domumss.com,domumss2022@gmail.com
https://www.houzz.com/professionals/general-contractors/blueridge-usa-construction-llc-pfvwus-pf~1547466873,Blueridge USA Construction LLC,(512) 650-7888,"9121 N IH 35 Austin, Texas 78753 United States",https://www.blueridgeusaconstruction.com,eben@eyebytes.com
https://www.houzz.com/professionals/general-contractors/graybrook-construction-pfvwus-pf~1548693633,Graybrook Construction,(830) 214-6349,"New Braunfels, Texas 78130 United States",https://graybrook.org,graybrook83@gmail.com
https://www.houzz.com/professionals/general-contractors/residential-specialties-pfvwus-pf~667545464,Residential Specialties,(512) 788-7936,"13130 Hwy 29 Liberty Hill, Texas 78642 United States",https://www.residentialspecialtiestx.com,residentialspecialtiestx@gmail.com
https://www.houzz.com/professionals/general-contractors/ilcor-builders-pfvwus-pf~1706578957,ILCOR Builders,(512) 476-7568,"12112 Anderson Mill Rd Austin, Texas 78726 United States",https://www.ilcor.com/,office@ilcor.com
https://www.houzz.com/professionals/general-contractors/townbridge-homes-pfvwus-pf~1635909703,Townbridge Homes,(512) 800-4534,"PO Box 90638 Austin, Texas 78709 United States",https://www.townbridgehomes.com,clay@foundsimply.com
https://www.houzz.com/professionals/general-contractors/goertz-and-iselt-construction-pfvwus-pf~1958285789,Goertz & Iselt Construction,(512) 818-1309,"14001 Hwy 29 Suite 206 Liberty Hill, Texas 78628 United States",https://gicustombuilders.com,goertzandiseltconstruction@gmail.com
https://www.houzz.com/professionals/general-contractors/journey-remodeling-pfvwus-pf~1865606080,Journey Remodeling,(512) 801-2648,"Dripping Springs, Texas 78620 United States",https://journeyremodeling.com,journeyremodeling@gmail.com
https://www.houzz.com/professionals/general-contractors/big-o-foot-services-pfvwus-pf~1262479322,BIG O FOOT SERVICES,(830) 542-8303,"Fawn Trl Canyon Lake, Texas 78133 United States",https://bigofootservices.com,bigofootservices@gmail.com
https://www.houzz.com/professionals/general-contractors/lucas-anthony-llc-pfvwus-pf~406975583,Lucas Anthony LLC,(512) 409-9937,"1 Chisholm Trail Rd Ste 450 Round Rock, Texas 78681 United States",https://www.lucasanthonyconstruction.com,filler@godaddy.com
https://www.houzz.com/professionals/general-contractors/malachi-consulting-pfvwus-pf~941287139,Malachi Consulting,(512) 996-0255,"Austin, Texas 78729 United States",https://www.malachiconsulting.com/,atyourservice@malachiconsulting.com
https://www.houzz.com/professionals/general-contractors/locksmiths-seguin-tx-pfvwus-pf~440155718,locksmiths Seguin TX,(830) 308-5501,"524 San Antonio Ave seguin, Texas 78155 United States",https://locksmithsseguin.com/,service@locksmithsseguin.com
https://www.houzz.com/professionals/general-contractors/atx-remodeling-and-repair-pfvwus-pf~1992162552,ATX Remodeling and Repair,400-4175,"Austin, Texas 78748 United States",https://www.atxremodelingandrepair.com,atxremodelingandrepair@gmail.com
https://www.houzz.com/professionals/general-contractors/honda-key-replacement-pfvwus-pf~1171115401,Honda Key Replacement,(830) 391-9732,"562 South N Hwy 123 Bypass #380 Seguin, Texas 78155 United States",https://hondakeyreplacementseguin.com/,service@hondakeyreplacementseguin.com
https://www.houzz.com/professionals/general-contractors/black-diamond-innovations-pfvwus-pf~596725870,Black Diamond Innovations,(512) 413-2672,"3550 Lakeline Blvd Suite 170 Leander, Texas 78641 United States",https://www.bdinnovations.com/,kennyg@bdinnovations.com
https://www.houzz.com/professionals/general-contractors/sb-roofing-and-construction-pfvwus-pf~2050035966,SB Roofing & Construction,(512) 387-3990,"Austin, Texas United States",https://stevensbuild.com,clay@stevensbuild.com
https://www.houzz.com/professionals/general-contractors/jr-construction-solutions-of-austin-pfvwus-pf~255942128,JR Construction Solutions of Austin,(512) 696-6667,"7605 Callbram Lane Austin, Texas 78736 United States",https://Jrconstructionco.com,micah@micahrich.com
https://www.houzz.com/professionals/general-contractors/austin-lath-inc-pfvwus-pf~1326169344,Austin Lath Inc.,(512) 247-8572,"Austin, Texas 78759 United States",https://www.austinplasterandstucco.com/,austinlath@gmail.com
https://www.houzz.com/professionals/general-contractors/kmcclearykmcbusinessconsultants-com-pfvwus-pf~562391571,kmccleary@kmcbusinessconsultants.com,(352) 317-4772,"9720 Anchusa Trl Austin, Texas 78736 United States",,
https://www.houzz.com/professionals/general-contractors/chase-remodeling-and-concrete-inc-pfvwus-pf~1043938560,"Chase Remodeling and Concrete, Inc.",(512) 595-1003,"Taylor, Texas 76574 United States",https://chasercinc.wixsite.com/crci,chasercinc@gmail.com
https://www.houzz.com/professionals/general-contractors/morgan-holland-homes-pfvwus-pf~1166281565,Morgan Holland Homes,(512) 415-9553,"3300 Bee Cave Rd., Suite 650, #200 Austin, Texas 78746 United States",https://www.morganhollandhomes.com,martin@morganhollandhomes.com.js
https://www.houzz.com/professionals/general-contractors/sal-tex-general-contractor-inc-pfvwus-pf~1544268305,Sal-Tex General Contractor Inc.,(210) 889-6609,"1411 driftwood ridge Spring branch, Texas 78070 United States",https://Sal-tex.com,porfirio@sal-tex.com
https://www.houzz.com/professionals/general-contractors/nygard-and-company-llc-pfvwus-pf~1829468665,"Nygard & Company, LLC",(512) 494-4889,"100 Commons Rd. Ste 7 #339 Dripping Springs, Texas 78620 United States",https://www.nygardandcompany.com,chris@nygardandcompany.com
https://www.houzz.com/professionals/general-contractors/timberwise-contruction-llc-pfvwus-pf~1137518858,Timberwise Contruction LLC,(830) 456-3118,"37 Brookhollow Dr Wimberley, Texas 78676 United States",https://timberwiseconstruction.com,joey@timberwiseconstruction.com
https://www.houzz.com/professionals/general-contractors/cactus-construction-and-remodeling-pfvwus-pf~1544662657,Cactus Construction & Remodeling,(830) 693-3286,"Marble Falls, Texas 78654 United States",https://www.cactuscompanies.com,travisdeancactus@gmail.com
https://www.houzz.com/professionals/general-contractors/tactical-general-contracting-pfvwus-pf~1480935915,Tactical General Contracting,(512) 653-0420,"PO Box 53 Driftwood, Texas 78619 United States",https://tacticalgc.com/,inquire@zdigital.com
https://www.houzz.com/professionals/general-contractors/hudson-custom-homes-pfvwus-pf~1199674756,Hudson Custom Homes,(512) 917-4371,"P.O. Box 340605 Lakeway, Texas 78734 United States",https://www.hudsoncustomhomes.com,tommy@hudsonch.com
https://www.houzz.com/professionals/general-contractors/james-nolan-construction-pfvwus-pf~1922606698,James Nolan Construction,(512) 237-1373,"702 Rio Grande St Austin, Texas 78701 United States",https://jamesnolanconstruction.com,jamesnolanconstruction@gmail.com
https://www.houzz.com/professionals/general-contractors/endeavor-custom-homes-one-pfvwus-pf~1225077043,Endeavor Custom Homes One,(512) 563-3774,"P.O. Box 1345 Buda, Texas 78610 United States",https://www.endeavorcustomhomes.com,james@endeavorcustomhomes.com
https://www.houzz.com/professionals/general-contractors/timber-construction-pfvwus-pf~345098081,Timber Construction,(210) 849-1451,"Braunfels, Texas 78130 United States",https://www.timbergd.com/,timberco@hotmail.com
https://www.houzz.com/professionals/general-contractors/tomakenew-pfvwus-pf~1989238724,ToMakeNew,(512) 786-3343,"5105 Lansing Dr Austin, Texas 78745 United States",https://tomaknew.com/,tomaknew@gmail.com
https://www.houzz.com/professionals/general-contractors/bishop-builders-llc-pfvwus-pf~1888473135,Bishop Builders LLC,(512) 905-5600,"8214 Ephraim Road Austin, Texas 78717 United States",https://www.bishopbuildersllc.com,example@mysite.com
https://www.houzz.com/professionals/general-contractors/studio-blossom-pfvwus-pf~757933905,Studio Blossom,(650) 435-9865,"Austin, Texas 78681 United States",https://studioblossom.us,studioblossomdesign@gmail.com
https://www.houzz.com/professionals/general-contractors/crews-construction-pfvwus-pf~1385245374,Crews Construction,(512) 775-0609,"Pflugerville, Texas 78660 United States",https://www.crewsconstruction.net/,timcrews@sbcglobal.net
https://www.houzz.com/professionals/general-contractors/falk-construction-llc-pfvwus-pf~1704157413,Falk Construction LLC,(512) 507-8255,"Briarcliff, Texas 78669 United States",https://falkconstructionllc.com/,anthony.falk@yahoo.com
https://www.houzz.com/professionals/general-contractors/cramt-enterprise-pfvwus-pf~1480869651,CRAMT Enterprise,(512) 560-8134,"68 Country Oaks Dr Buda, Texas 78610 United States",https://Www.CRAMTent.com,ckgonzales@outlook.com
https://www.houzz.com/professionals/general-contractors/dingwall-painting-and-remodeling-llc-pfvwus-pf~847325202,"Dingwall Painting & Remodeling, llc",(512) 264-7222,"21818 Hwy 71 W, Suite 210 Spicewood, Texas 78669 United States",https://www.dingwallco.com,office@dingwallco.com
https://www.houzz.com/professionals/general-contractors/512-austin-locksmith-pfvwus-pf~1739912940,512 Austin Locksmith,(512) 777-0021,"1508 W Koenig Ln, B Austin, Texas 78756 United States",https://512locksmith.com,dispatch@512locksmith.com
https://www.houzz.com/professionals/general-contractors/512-home-remodel-pfvwus-pf~1011424053,512 Home Remodel,(512) 774-4688,"12400 W Hwy 71 Ste. 350-158 Austin, Texas 78738 United States",https://www.512homeremodel.com,512homeremodel@gmail.com
https://www.houzz.com/professionals/general-contractors/a-to-z-construction-pfvwus-pf~1385241294,A to Z Construction,(512) 945-2984,"3016 E 14th St Austin, Texas 78702 United States",https://atozconstruction4u.com,george@atozconstruction4u.com
https://www.houzz.com/professionals/general-contractors/terry-polston-custom-homes-pfvwus-pf~1887601307,Terry Polston Custom Homes,(512) 918-2655,"7202 R.R. 620 North Austin, Texas 78726 United States",https://www.terrypolston.com,terrydpolston@yahoo.com
https://www.houzz.com/professionals/general-contractors/southern-g-general-contracting-llc-pfvwus-pf~63554102,Southern G General Contracting LLC,(512) 910-9152,"Manchaca, Texas 78652 United States",https://southerngatx.com,southernggc@gmail.com
https://www.houzz.com/professionals/general-contractors/cms-home-improvement-pros-pfvwus-pf~848525022,CMS Home Improvement Pros,(512) 234-2864,"1107 FM 1431 #301 Marble Falls, Texas 78654 United States",https://charlesmoodyservices.com,impallari@gmail.com
https://www.houzz.com/professionals/general-contractors/tac-homes-llc-pfvwus-pf~886247525,TAC Homes LLC,(512) 779-6484,"7000 Bee Caves Road Austin, Texas 78746 United States",https://www.tac.homes,daniel@tac.homes
https://www.houzz.com/professionals/general-contractors/five-star-remodeling-pfvwus-pf~506065824,Five Star Remodeling,(512) 356-9147,"2009 Ranch Road 620 North Suite 720 Lakeway, Texas 78734 United States",https://fivestar-texas.com,team@latofonts.com
https://www.houzz.com/professionals/general-contractors/quick-dry-restoration-pfvwus-pf~29964783,Quick Dry Restoration,(512) 540-4747,"1019 S. Heatherwilde Blvd Suite 120 Pflugerville, Texas 78660 United States",https://quickdryrestoration.com/,nic@quickdryrestoration.com
https://www.houzz.com/professionals/general-contractors/trademaster-pfvwus-pf~255488368,Trademaster,(512) 587-4051,"16238 RR 620 N, Suite F-239 Austin, Texas 78717 United States",https://www.txtrademaster.com,andrew@txtrademaster.com
https://www.houzz.com/professionals/general-contractors/tiny-texas-houses-pfvwus-pf~344066717,Tiny Texas Houses,(830) 875-2500,"20501 E. IH 10 Luling, Texas 78648 United States",https://tinytexashouses.com,darby@puresalvageliving.com
https://www.houzz.com/professionals/general-contractors/adams-company-pfvwus-pf~1510774026,Adams Company,(512) 785-7226,"Cedar Park, Texas 78613 United States",https://www.adamscompany.biz/,debbie@adamscompany.biz
https://www.houzz.com/professionals/general-contractors/doug-holley-construction-inc-pfvwus-pf~1325674544,Doug Holley Construction Inc,(830) 693-8521,"114 Dogleg Meadowlakes, Texas 78654 United States",https://dougholleyconstruction.com,dholley@nctv.com
https://www.houzz.com/professionals/general-contractors/luxury-interior-remodeling-pfvwus-pf~691009723,Luxury Interior Remodeling,(512) 507-0183,"12151 North, IH-35 Austin, Texas 78753 United States",https://LuxuryInteriorRemodeling@yahoo.com,
https://www.houzz.com/professionals/general-contractors/vintinner-construction-pfvwus-pf~1761754995,Vintinner Construction,,"jasonvintinner@gmail.com Austin, Texas United States",,
https://www.houzz.com/professionals/general-contractors/lake-travis-construction-llc-pfvwus-pf~1204820164,"Lake Travis Construction, LLC",(512) 800-0824,"Lakeway, Texas 78734 United States",https://laketravis-construction.com,jsimmons@laketravis-construction.com
https://www.houzz.com/professionals/general-contractors/warriner-construction-pfvwus-pf~755231729,Warriner Construction,(713) 824-3440,"1205 Enfield Road Austin, Texas 78703 United States",https://www.WarrinerConstruction.com,doug@warrinerconstruction.com
https://www.houzz.com/professionals/general-contractors/collard-carpentry-pfvwus-pf~2082617749,Collard Carpentry,(512) 696-2879,"PO Box 19693 Austin, Texas United States",https://collardcarpentry.com,jim@collardcarpentry.com
https://www.houzz.com/professionals/general-contractors/hashtag-makeready-llc-pfvwus-pf~1387317894,"Hashtag MakeReady, LLC",(830) 837-9583,"118 wolf ridge Bertram, Texas 78605 United States",https://www.hashtagmakeready.com,hashtagmakeready@gmail.com
https://www.houzz.com/professionals/general-contractors/matt-rygg-homes-llc-pfvwus-pf~1799729038,"Matt Rygg Homes, LLC.",(512) 293-6288,"119 Victorian Gable Drive Driftwood, Texas 78619 United States",https://www.MATTRYGG.com,matt@mattrygghomes.com
https://www.houzz.com/professionals/general-contractors/a-and-a-1st-choice-llc-pfvwus-pf~2116120744,"A & A 1st Choice, LLC",(512) 767-2935,"Round Rock, Texas United States",https://aa1stchoice.com/,seoteam@welcomehomesocial.com
https://www.houzz.com/professionals/general-contractors/roofs-and-repairs-pfvwus-pf~1423155881,Roofs & Repairs,(210) 291-8492,"111 Prexy Dr Seguin, Texas 78155 United States",https://www.sombreroroofing.com/,morenojohnny41@gmail.com
https://www.houzz.com/professionals/general-contractors/harmison-homes-pfvwus-pf~1481656303,HARMISON HOMES,(512) 845-8849,"spicewood, Texas 78669 United States",https://harmisonhomes.com,harmisonhomes@gmail.com
https://www.houzz.com/professionals/general-contractors/james-nolan-construction-pfvwus-pf~1171279245,James Nolan Construction,(325) 656-5192,"242 Doc Bryson Ln Bastrop, Texas 78602 United States",https://www.jamesnolanconstruction.com/,jamesnolanconstruction@gmail.com
https://www.houzz.com/professionals/general-contractors/hudson-custom-homes-pfvwus-pf~1422627033,Hudson Custom Homes,(512) 917-4371,"1704 S. Church Georgetown, Texas 78626 United States",https://Www.hudsonch.com,tommy@hudsonch.com
https://www.houzz.com/professionals/general-contractors/rocket-contracting-pfvwus-pf~1991443896,Rocket Contracting,(512) 960-6679,"Austin, Texas 78738 United States",https://rocketcontracting.com,example@mysite.com
https://www.houzz.com/professionals/general-contractors/pesoli-properties-pfvwus-pf~815551407,Pesoli Properties,(512) 806-4100,"6800 Westgate Blvd. #123-334 Austin, Texas 78745 United States",https://www.pesoliproperties.com,peter@pesoliproperties.com
https://www.houzz.com/professionals/general-contractors/auriel-building-company-pfvwus-pf~1798790178,Auriel Building Company,(512) 777-8135,"1456 Cherry Creek Blvd. Spring Branch, Texas 78070 United States",https://www.aurieltx.com,robert@aurieltx.com
https://www.houzz.com/professionals/general-contractors/keith-n-wolf-general-contracting-and-excavation-pfvwus-pf~1924228358,Keith -N- Wolf General Contracting and Excavation,(512) 796-4219,"Round Rock, Texas United States",https://www.keithnwolf.com,jeff@keithnwolf.com
https://www.houzz.com/professionals/general-contractors/lonestar-development-and-consulting-pfvwus-pf~885522441,Lonestar Development & Consulting,(737) 328-0903,"Austin, Texas 78731 United States",https://txbuildgroup.com,scannonproperty@gmail.com
https://www.houzz.com/professionals/general-contractors/south-oak-builders-pfvwus-pf~1741104172,South Oak Builders,(512) 590-5551,"5300 Great Divide Drive Bee Cave, Texas 78738 United States",https://www.southoakbuilders.com,eben@eyebytes.com
https://www.houzz.com/professionals/general-contractors/set-in-stone-construction-pfvwus-pf~915186064,Set in Stone Construction,(512) 423-0350,"Spring Branch, Texas United States",https://setinstoneconstruction.com,sisbids@yahoo.com
https://www.houzz.com/professionals/general-contractors/wood-and-stone-atx-llc-pfvwus-pf~1581529844,Wood & Stone ATX LLC,(512) 460-0094,"5701 W Slaughter Lane Building A-130 Austin, Texas 78749 United States",https://www.woodandstonehomes.com,ted@woodandstonehomes.com
https://www.houzz.com/professionals/general-contractors/zuda-construction-pfvwus-pf~63384918,Zuda Construction,(737) 278-8474,"9901 Brodie Lane Suite 160 Austin, Texas 78748 United States",https://www.zudaconstructiontx.com,webmaster@zudaconstructiontx.com
https://www.houzz.com/professionals/general-contractors/stabilis-builders-llc-pfvwus-pf~1227973975,Stabilis Builders LLC,(512) 484-4068,"Lakeway, Texas United States",https://www.stabilisbuilders.com,cedwards@stabilisbuilders.com
https://www.houzz.com/professionals/general-contractors/foursquare-builders-pfvwus-pf~1989280836,Foursquare Builders,(512) 912-7533,"1802 W. 6th St. Austin, Texas 78703 United States",https://www.foursquarebuilders.com,wes@foursquarebuilders.com
https://www.houzz.com/professionals/general-contractors/avery-building-company-pfvwus-pf~1989806252,Avery Building Company,(406) 261-9419,"Austin, Texas 78738 United States",https://www.averybuildingcompany.com/,alan@averybuildingcompany.com
https://www.houzz.com/professionals/general-contractors/rafael-segura-pfvwus-pf~1009750057,Rafael segura,(512) 584-3274,"Salt springs dr Austin, Texas 78744 United States",https://www.rsremodelingaustin.com,segura1024@yahoo.com
https://www.houzz.com/professionals/general-contractors/atx-garage-solutions-pfvwus-pf~1707018733,ATX Garage Solutions,(512) 595-6564,"Austin, Texas 78735 United States",https://www.atxgaragesolutions.com,tom@atxgaragesolutions.com
https://www.houzz.com/professionals/general-contractors/pink-cube-development-pfvwus-pf~62202206,Pink Cube Development,(979) 739-1645,"810 E 46TH STREET Austin, Texas United States",https://www.pinkcubedev.com/,david@pinkcubedev.com
https://www.houzz.com/professionals/general-contractors/holley-builders-pfvwus-pf~793267852,Holley Builders,(281) 919-5760,"4904 Buckskin Pass Austin, Texas 78745 United States",https://www.holleybuilders.com,conner@holleybuilders.com
https://www.houzz.com/professionals/general-contractors/texas-homepro-pfvwus-pf~1203000240,Texas HomePro,(512) 540-4050,"1 Chisholm Trail Rd Round Rock, Texas United States",https://www.texashomepro.org,office@texashomepro.org
https://www.houzz.com/professionals/general-contractors/developers-plus-general-contractor-austin-pfvwus-pf~30448047,Developers Plus | General Contractor Austin,(775) 842-8719,"Austin, Texas 78701 United States",https://developersplusatx.com,developersplusatx@outlook.com
https://www.houzz.com/professionals/general-contractors/austin-premium-contractors-pfvwus-pf~348127773,Austin Premium Contractors,(512) 661-0713,"Austin, Texas 78701 United States",https://www.generalcontractorinaustintx.com,austinpremiumcontractors@gmail.com
https://www.houzz.com/professionals/general-contractors/atx-development-llc-pfvwus-pf~1866357680,ATX Development LLC,(817) 680-8043,"PO Box 300842 Austin, Texas 78703 United States",https://www.atxdevelopment.com,matt@atxdevelopment.com
https://www.houzz.com/professionals/general-contractors/daniel-murphy-designs-pfvwus-pf~346668993,Daniel Murphy Designs,(707) 332-2191,"Austin, Texas 78702 United States",https://www.danielmurphydesigns.com/,danmur66@yahoo.com
https://www.houzz.com/professionals/general-contractors/lowenberg-consulting-pfvwus-pf~758687205,Lowenberg Consulting,(512) 472-9033,"901 S MoPac Expy Building 4, #290, Austin, Texas 78746 United States",https://lowenbergconsulting.com,nmills@lowenbergconsulting.com
https://www.houzz.com/professionals/general-contractors/cands-drywall-and-paint-pfvwus-pf~253360688,C&S Drywall and paint,(512) 762-7495,"Leander,tx, Texas 78641 United States",https://csdrywallandpaint1.com,csdrywallandpaint@gmail.com
https://www.houzz.com/professionals/general-contractors/remodel-austin-homes-pfvwus-pf~815699599,Remodel Austin Homes,(512) 466-4376,"Austin, Texas 78756 United States",https://www.remodelaustinhomes.com/,lisa@remodelaustinhomes.com
https://www.houzz.com/professionals/general-contractors/syndicated-contracting-services-llc-pfvwus-pf~791336712,"Syndicated Contracting Services, LLC",(512) 789-3328,"Buda, Texas United States",https://syndicatedgc.com,eben@eyebytes.com
https://www.houzz.com/professionals/general-contractors/all-star-printing-company-pfvwus-pf~1831446777,All Star Printing Company,(512) 467-0948,"5314-b Cameron Rd Austin, Texas 78723 United States",https://www.allstaraustin.com/,jc@allstaraustin.com
https://www.houzz.com/professionals/general-contractors/castillo-construction-services-pfvwus-pf~64103450,Castillo Construction Services,(512) 215-0525,"Austin, Texas 78757 United States",https://www.castilloconstructionservicesatx.com/,scheduling@castilloatx.com
https://www.houzz.com/professionals/general-contractors/oslin-viana-pfvwus-pf~1833356409,Oslin viana,(512) 568-1233,"12151 North Interstate Highway, Austin, Texas 78753 United States",https://Vianaoslin9@gmail.com,
https://www.houzz.com/professionals/general-contractors/512-home-remodel-pfvwus-pf~1958761605,512 Home Remodel,(512) 774-4688,"12400 W Hwy 71 - Suite 350-158 Austin, Texas 78738 United States",https://512homeremodel.com/,512homeremodel@gmail.com
https://www.houzz.com/professionals/general-contractors/vikta-energy-pfvwus-pf~1708367893,Vikta Energy,(940) 391-4598,"2802 Flintrock Trace Austin, Texas 78738 United States",https://www.viktaenergy.com/,sales@viktaenergy.com
https://www.houzz.com/professionals/general-contractors/frayre-construction-pfvwus-pf~1455824456,Frayre construction,(512) 761-1540,"112 storm court Kyle, Texas 78640 United States",https://Www.Frayreconstruction.com,frayreconstructionappts@gmail.com
https://www.houzz.com/professionals/general-contractors/avery-building-company-pfvwus-pf~1514097634,Avery Building Company,(406) 261-9419,"13492 Research Blvd. #120-454 Austin, Texas 78750 United States",https://www.averybuildingcompany.com,alan@averybuildingcompany.com
https://www.houzz.com/professionals/general-contractors/diamondback-renovations-and-painting-pfvwus-pf~1103057779,Diamondback Renovations & Painting,+51 25777034,"2100 Deer Creek Round Rock, Texas 78665 United States",https://Sg@diamoundbackrenovations.com,
https://www.houzz.com/professionals/general-contractors/balfour-beatty-construction-pfvwus-pf~596386386,Balfour Beatty Construction,(512) 445-2424,"2424 South Lamar Austin, Texas 78704 United States",https://www.balfourbeattyus.com,media@balfourbeattyus.com
https://www.houzz.com/professionals/general-contractors/benito-masonry-pfvwus-pf~1204045592,Benito masonry,(512) 669-9414,"20400 Lockwood Lot 1 Manor, Texas 78653 United States",https://bandcmasonry.com,eben@eyebytes.com
https://www.houzz.com/professionals/general-contractors/wendy-caceres-pfvwus-pf~1704028469,Wendy Caceres,(512) 571-0219,"11425 hungry horse Manor, Texas 78653 United States",https://wendycaceres138@gmail.com,
https://www.houzz.com/professionals/general-contractors/lemus-construction-pfvwus-pf~1420225057,Lemus Construction,(512) 619-1674,"Cedar Creek, Texas 78612 United States",https://www.lemusconstructiontx.com/,joselemus@lemusconstructiontx.com
https://www.houzz.com/professionals/general-contractors/marshall-creek-development-llc-pfvwus-pf~1959990721,Marshall Creek Development LLC,(512) 704-3781,"1207 Overlook Circle Spicewood, Texas 78669 United States",https://mcdbuild.com,wweeiihhuuaanngg@gmail.com
https://www.houzz.com/professionals/general-contractors/mccollum-homes-llc-pfvwus-pf~1577193156,McCollum Homes LLC,(512) 413-0494,AUSTIN 78731 United States,https://www.mcchomes.net,tymccollum@gmail.com
https://www.houzz.com/professionals/general-contractors/mw-contracting-pfvwus-pf~1738861076,MW Contracting,(512) 848-6207,"Bastrop, Texas United States",https://www.mwcontract.com/,eben@eyebytes.com
https://www.houzz.com/professionals/general-contractors/ford-strei-builders-llc-pfvwus-pf~1957830941,"Ford Strei Builders, LLC",(512) 443-6875,"Austin, Texas United States",https://fordstreibuilders.com,fsb@fsbcustom.com
https://www.houzz.com/professionals/general-contractors/vault-stone-shop-llc-pfvwus-pf~185123346,Vault Stone Shop LLC,(512) 293-6091,"Austin, Texas 78745 United States",https://www.vaultstoneshop.com,meghan@vaultstoneshop.com
https://www.houzz.com/professionals/general-contractors/lotus-construction-group-pfvwus-pf~222822345,Lotus Construction Group,(737) 864-0015,"410 W Seventh St Suite 212 Taylor, Texas 76574 United States",https://www.lotus-cg.com,jennifer@lotus-cg.com
https://www.houzz.com/professionals/general-contractors/fivestar-foundation-and-construction-pfvwus-pf~1205069560,FiveStar Foundation & Construction,(830) 217-9969,"PO Box 311156 New Braunfels, Texas 78131 United States",https://fsfoundationandconstruction.com,eben@eyebytes.com
https://www.houzz.com/professionals/general-contractors/lakesideadditionsatt-net-pfvwus-pf~1202070856,lakesideadditions@att.net,(512) 785-6529,"Austin, Texas United States",,
https://www.houzz.com/professionals/general-contractors/eric-holmes-construction-llc-pfvwus-pf~816988323,Eric Holmes Construction LLC,(512) 557-6201,"Burnet, Texas 78611 United States",https://ericholmesconstruction@gmail.com,
https://www.houzz.com/professionals/general-contractors/a-to-z-construction-pfvwus-pf~1670801066,A to Z Construction,(512) 945-2984,3016!east 14th st austin 78702 United States,https://atozconstruction4u.com,george@atozconstruction4u.com
https://www.houzz.com/professionals/general-contractors/parker-homes-llc-pfvwus-pf~790829204,Parker Homes LLC,(830) 626-6346,"PO Box 312611 New Braunfels, Texas 78131 United States",https://info@myparkerhomes.com,
https://www.houzz.com/professionals/general-contractors/kbmax-pfvwus-pf~1992570904,KBMax,(512) 371-4119,"2802 Flintrock Trace Suite 204, Austin, TX 78738 Austin, Texas 78738 United States",https://kbmax.com/,epicorcpq@epicor.com
https://www.houzz.com/professionals/general-contractors/m-and-m-roofing-siding-and-windows-pfvwus-pf~436579642,"M & M Roofing, Siding and Windows",(512) 219-1242,"3910 IH 35 South, Ste 235 Austin, Texas 78747 United States",https://www.mmroofsidingaustin.com,stephen@creativeheights.com
https://www.houzz.com/professionals/general-contractors/mobile-mechanic4-austin-pfvwus-pf~1582437912,Mobile Mechanic4 Austin,(512) 355-6633,"101 N Loop Blvd E, Austin, TX 78751, United States Austin, Texas 73301 United States",https://mobilemechanic4austin.com,mobilemechanics4austin@gmail.com
https://www.houzz.com/professionals/general-contractors/engineered-grid-pfvwus-pf~850279398,Engineered Grid,(914) 500-7146,"Austin, Texas 78702 United States",https://engineeredgrid.com,cto@business.com
https://www.houzz.com/professionals/general-contractors/meridian-custom-homes-pfvwus-pf~25658051,Meridian Custom Homes,(512) 809-9840,"Austin, Texas 78716 United States",https://mchaustin.com/,atraylor@mchaustin.com
https://www.houzz.com/professionals/general-contractors/ztx-builders-pfvwus-pf~600967146,ZTX Builders,(512) 589-8897,604 Hammack Dr Austin 78752 United States,https://ztxbuilders.com/,jonpinhorn.typedesign@gmail.com
https://www.houzz.com/professionals/general-contractors/jwacs-commercial-group-pfvwus-pf~1044236888,JWACS Commercial Group,(346) 774-6038,"8300 Thaxton Road Austin, Texas 78747 United States",https://www.jwacscg.com,ruben@jwacscg.com
https://www.houzz.com/professionals/general-contractors/j-snider-enterprises-pfvwus-pf~789277540,J. Snider Enterprises,(512) 748-3819,"8008 Linden Rd Del Valle, Texas 78617 United States",https://jsniderenterprises.com,john@jsniderenterprises.com
https://www.houzz.com/professionals/general-contractors/pilgrim-building-company-pfvwus-pf~151927455,Pilgrim Building Company,(512) 845-7309,"Austin, Texas 78709 United States",https://www.pilgrimbuilding.com,eljefe@pilgrimbuilding.com
https://www.houzz.com/professionals/general-contractors/hhc-construction-solutions-pfvwus-pf~1006969157,HHC construction solutions,(512) 657-7431,"9804 San Luis Trail Austin, Texas 78733 United States",https://www.hhcaustin.com,hheyns@hhcaustin.com
https://www.houzz.com/professionals/general-contractors/smock-design-pfvwus-pf~189319854,Smock Design,(847) 239-0298,"508 Blackson ave, Unit B Austin, Texas 78752 United States",https://www.smockdesign.com,austin@smockdesign.com
https://www.houzz.com/professionals/general-contractors/diamond-point-services-pfvwus-pf~2084828241,Diamond Point Services,(512) 945-8877,"10300 Stubble Quail Dr Austin, Texas 78758 United States",https://www.diamondpointcontractors.com/,example@mysite.com
https://www.houzz.com/professionals/general-contractors/cands-drywall-and-paint-pfvwus-pf~1922693674,C&S DRYWALL AND PAINT,(512) 762-7495,"leander, Texas 78641 United States",https://csdrywallandpaint1.com,csdrywallandpaint@gmail.com
https://www.houzz.com/professionals/general-contractors/hill-country-design-build-pfvwus-pf~1292472165,Hill Country Design Build,(830) 868-4108,"PO Box 445 Johnson City, Texas 78636 United States",https://hillcountrydesignbuild.com,paul.hcdb@gmail.com
https://www.houzz.com/professionals/general-contractors/canyon-custom-builders-pfvwus-pf~1763008835,Canyon Custom Builders,(361) 548-9080,"1064 cattail canyon lake, Texas 78133 United States",https://canyoncustombuilders@icloud.com,
https://www.houzz.com/professionals/general-contractors/hominick-custom-builders-pfvwus-pf~880980677,Hominick Custom Builders,,"Austin, Texas United States",https://www.fredericksburgcustomhomebuilders.com/,aaron@hominickhomes.com
https://www.houzz.com/professionals/general-contractors/applied-construction-pfvwus-pf~755792861,Applied construction,,"Austin, Texas United States",https://appliedconstructiontx.com,sim@appliedconstructiontx.com
https://www.houzz.com/professionals/general-contractors/build-smart-construction-services-pfvwus-pf~726773590,Build Smart Construction Services,(830) 743-8692,"New Braunfels, Texas 78130 United States",https://buildsmartconstructionnb.com/contact-us-1,jason@buildsmartconstructionnb.com
https://www.houzz.com/professionals/general-contractors/green-star-power-llc-pfvwus-pf~918128324,Green Star Power LLC,(512) 567-8362,"623 S Lynnwood Trl Cedar Park, Texas United States",https://www.greenstarpower.com/,eric@greenstarpower.com
https://www.houzz.com/professionals/general-contractors/superior-fleet-solutions-pfvwus-pf~884339833,Superior Fleet Solutions,(830) 387-4311,"4710 S Interstate 35 New Braunfels, Texas 78132 United States",https://superiorfleetsolutions.com,sfs@superiorfleetsolutions.com
https://www.houzz.com/professionals/general-contractors/addrac-construction-llc-pfvwus-pf~348980733,"ADDRAC Construction, LLC.",(512) 948-5922,"202 Walton Way Ste 192 PMB 441 Cedar Park, Texas 78613 United States",https://www.addrac-construction.com,josh@addrac-construction.com
https://www.houzz.com/professionals/general-contractors/outland-construction-pfvwus-pf~218985817,Outland Construction,,"Cedar Park, Texas 78613 United States",https://outlandco.com,alex@outlandco.com
https://www.houzz.com/professionals/general-contractors/kirks-homes-pfvwus-pf~223592957,Kirks Homes,(830) 708-1688,"947 Texas 46 New Braunfels, Texas 78130 United States",https://www.backyardvacationoasis.com/,example@mysite.com
https://www.houzz.com/professionals/general-contractors/kip-steele-custom-homes-pfvwus-pf~1008518921,Kip Steele Custom Homes,,"Round Mountain, Texas 78663 United States",https://www.kipsteelehomes.com/index.html,kip@kipsteelehomes.com
https://www.houzz.com/professionals/general-contractors/christopher-property-services-pfvwus-pf~1866206608,Christopher Property Services,(210) 781-1502,PO Box 310525 New Braunfels 78131 United States,https://chrispropertyservi.wixsite.com/christopherpropertys,patchworksreno@yahoo.com
https://www.houzz.com/professionals/general-contractors/next-level-welding-and-construction-pfvwus-pf~851853870,Next Level Welding and construction,(512) 999-1480,"San marcos, Texas 78666 United States",https://www.nextlevelwelding.org,nextlevelweldd@gmail.com
https://www.houzz.com/professionals/general-contractors/runkleenterprisesyahoo-com-pfvwus-pf~667334232,Runkleenterprises@yahoo.com,(512) 294-8214,"304 Perkins street Bastrop, Texas 78602 United States",,
https://www.houzz.com/professionals/general-contractors/set-in-stone-construction-pfvwus-pf~405270251,Set In Stone Construction,(512) 423-0350,"Spring Branch, Texas United States",https://setinstoneconstruction.com,sisbids@yahoo.com
https://www.houzz.com/professionals/general-contractors/hunter-wheeler-homes-inc-pfvwus-pf~1099060107,"Hunter Wheeler Homes, Inc",,"Austin, Texas 78746 United States",https://hunterwheelerhomes.com/,hunter@hunterwheelerhomes.com
https://www.houzz.com/professionals/general-contractors/paradigm-custom-homes-pfvwus-pf~663311388,Paradigm Custom Homes,(512) 261-7972,"PO Box 341115 Austin, Texas 78734 United States",https://paradigmcustomhomes.com,steve@paradigmcustomhomes.com
https://www.houzz.com/professionals/general-contractors/austin-urban-builders-pfvwus-pf~1544060121,Austin Urban Builders,(512) 632-3599,"9605 Streamside Dr. Austin, Texas 78736 United States",https://www.austinurbanbuilders.com,alfwc.orlando@gmail.com;
https://www.houzz.com/professionals/general-contractors/greater-austin-development-pfvwus-pf~25879547,Greater Austin Development,(512) 310-9300,"6500 River Place Blvd. Bldg. 6 Suite 150 Austin, Texas 78730 United States",https://www.gad.co,services@agadco.com
https://www.houzz.com/professionals/general-contractors/ash-creek-homes-inc-pfvwus-pf~59620378,Ash Creek Homes Inc.,(512) 791-0574,"3110 pearce rd Austin, Texas 78730-4303 United States",https://ashcreekhomes.com/,nleavitt@ashcreekhomes.com
https://www.houzz.com/professionals/general-contractors/lakeway-custom-homes-pfvwus-pf~688016891,Lakeway Custom Homes,(512) 415-3640,Lakeway Lakeway 78734 United States,https://LakewayRemodeling.com,team@latofonts.com
https://www.houzz.com/professionals/general-contractors/green-frame-pfvwus-pf~1384491314,Green Frame,,"CEDAR PARK, Texas 78613 United States",https://www.greenframe.net,amkryukov@gmail.com
https://www.houzz.com/professionals/general-contractors/ferguson-remodeling-and-construction-llc-pfvwus-pf~1326481344,Ferguson Remodeling & Construction Llc,(512) 300-6499,"Leander, Texas 78641 United States",https://www.fergusonremodel.com/,ferguson.construction@yahoo.com
https://www.houzz.com/professionals/general-contractors/juarez-custom-homes-pfvwus-pf~725091366,Juarez Custom Homes,(512) 303-7546,159 Lone Star Road Bastrop 78602 United States,https://www.juarezcustomhomes.com,shawn@juarezcustomhomes.com
https://www.houzz.com/professionals/general-contractors/renovation-systems-pfvwus-pf~974472474,renovation systems,(512) 876-4571,"Liberty Hill, Texas 78642 United States",https://bart@renovationscontractors.com,
https://www.houzz.com/professionals/general-contractors/the-united-renovations-pfvwus-pf~92616977,The United Renovations,(512) 718-6973,121 B Mesquite CV Bastrop 78602 United States,https://theunitedrenovations@gmail.com,
https://www.houzz.com/professionals/general-contractors/river-city-builders-pfvwus-pf~2081140885,River City Builders,,"New Braunfels, Texas 78130 United States",https://rivercitybuilders.com,team@latofonts.com
https://www.houzz.com/professionals/general-contractors/tori-county-builders-pfvwus-pf~2015031483,Tori County Builders,872,"Seguin, Texas 78155 United States",https://tcbuilderstexas.com,tmangold@sbcglobal.net
https://www.houzz.com/professionals/general-contractors/mg-construction-works-llc-pfvwus-pf~1635833419,MG Construction Works LLC,(512) 658-7556,"14401 Nutty Brown Road Austin, Texas 78737 United States",https://Mgconstructionworks.com,markgoodrich@mgconstructionworks.com
https://www.houzz.com/professionals/general-contractors/scott-felder-homes-llc-pfvwus-pf~595607018,Scott Felder Homes LLC,(512) 418-5400,"6414 River Place Blvd Austin, Texas 78730 United States",https://www.scottfelderhomes.com/,lhelmuth@sfhtx.com
https://www.houzz.com/professionals/general-contractors/embree-construction-group-pfvwus-pf~597160130,Embree Construction Group,(512) 819-4766,"Georgetown, Texas 78628 United States",https://www.embreegroup.com,klewis@embreegroup.com
https://www.houzz.com/professionals/general-contractors/armadillo-general-contractors-llc-pfvwus-pf~1132623170,Armadillo General Contractors LLC,(512) 828-6389,"11782 Jollyville Road Austin, Texas 78759 United States",https://www.ArmadilloGC.com,austinarmadillo@gmail.com
