https://www.houzz.com/professionals/design-build-firms/lisa-violetto-pfvwus-pf~2013334171,Lisa Violetto,(415) 429-7030,"San Francisco, California 94114 United States",https://lisavioletto.com,violetto@lisavioletto.com
https://www.houzz.com/professionals/design-build-firms/valley-boutique-builders-pfvwus-pf~96900461,Valley Boutique Builders,(669) 307-9799,"153 2nd Street, Suite 105 Los Altos, California 94022 United States",https://valleyboutiquebuilders.com/houzz,contact@valleyboutiquebuilders.com
https://www.houzz.com/professionals/general-contractors/waves-remodeling-pfvwus-pf~1355353047,Waves Remodeling,(408) 540-1466,"710 Lakeway Dr Sunnyvale, California 94085 United States",https://www.wavesremodelingca.com/,info@wavesremodelingca.com
https://www.houzz.com/professionals/general-contractors/geico-builders-pfvwus-pf~919634336,Geico Builders,(510) 571-4526,"1901 Harrison Street Suite 1100 Oakland, California 94612 United States",https://www.geicobuilders.com,info@geicobuilders.com
https://www.houzz.com/professionals/general-contractors/north-bay-construction-llc-pfvwus-pf~151289947,"North Bay Construction, LLC",(415) 341-5199,"1120 Cole Street San Francisco, California 94117 United States",https://sfnorthbayconstruction.com/,john@sfnorthbayconstruction.com
https://www.houzz.com/professionals/general-contractors/aya-homes-llc-pfvwus-pf~406143371,"AYA Homes, LLC",(415) 347-1907,"160 VASQUEZ Ave San Francisco, California 94127-1030 United States",https://www.ayahomes.com,ssajdari@gmail.com
https://www.houzz.com/professionals/general-contractors/sod-home-group-pfvwus-pf~1577147072,SOD Home Group,(800) 401-3220,"367 Santana Heights Unit #3-3021 San Jose, California 95128 United States",https://sodhg.com/,info@sodhg.com
https://www.houzz.com/professionals/general-contractors/igreen-builders-inc-pfvwus-pf~63204882,IGreen Builders Inc.,(831) 218-2659,"166 Geary Street 15th Floor #1613 San Francisco, California 94108 United States",https://www.igreenbuilders.com/,info@igreenbuilders.com
https://www.houzz.com/professionals/design-build-firms/building-lab-inc-pfvwus-pf~1132508134,"building Lab, inc.",(510) 207-9985,"999 43rd Street Oakland, California 94608 United States",https://www.buildinglab.com,info@buildinglab.com
https://www.houzz.com/professionals/kitchen-and-bath-designers/melinamade-residential-design-interiors-pfvwus-pf~436289634,Melinamade - Residential Design + Interiors,(650) 879-4270,"Palm Springs, California 92262 United States",https://melinamadeinteriors.com,mm@melinamadeinteriors.com
https://www.houzz.com/professionals/general-contractors/bayside-builders-group-inc-pfvwus-pf~130231212,Bayside Builders Group Inc.,(510) 662-6320,"1151 Harbor Bay Pkwy Alameda, California 94502 United States",https://baysidebuildersgroup.com/,info@baysidebuildersgroup.com
https://www.houzz.com/professionals/home-builders/green-bay-remodeling-inc-pfvwus-pf~2048770622,Green Bay Remodeling Inc.,(925) 326-6281,"1170 Burnett ave #S Concord, California 94520 United States",https://www.greenbayremodeling.com,78f7996315bc402f9dcb8a2f974b82d1@sentry.wixpress.com
https://www.houzz.com/professionals/general-contractors/sigura-construction-pfvwus-pf~503505748,Sigura Construction,(408) 889-7292,"San Jose, California 95131 United States",https://www.siguraconstruction.com,5d1795a2db124a268f1e1bd88f503500@sentry.wixpress.com
https://www.houzz.com/professionals/general-contractors/decor-builders-pfvwus-pf~758892057,Decor Builders,(408) 547-3442,"800 Charcot Ave Ste 102 San Jose, California 95131 United States",https://www.decor-builders.com,info@decor-builders.com
https://www.houzz.com/professionals/design-build-firms/woodcliff-builders-inc-pfvwus-pf~939546643,"Woodcliff Builders, Inc.",(408) 539-4804,"355 E. McGlincey Lane Suite D Campbell, California 95008 United States",https://woodcliffbuild.com/,info@woodcliffbuild.com
https://www.houzz.com/professionals/home-builders/green-planet-remodeling-inc-pfvwus-pf~564683223,"Green Planet Remodeling, Inc.",(800) 387-5917,"111 N Market St, Suite 300, San Jose, CA 95113 and 9595 Wilshire Blvd, Suite 900 Beverly Hills, CA 90212 California United States",https://greenplanetremodeling.com,greenplanetremodeling@yahoo.com
https://www.houzz.com/professionals/kitchen-and-bath-remodelers/northbay-kitchen-and-bath-pfvwus-pf~252277180,Northbay Kitchen & Bath,(707) 769-1646,"1110 Petaluma Blvd. N. Petaluma, California 94952 United States",https://nbkbdesigncenter.com,info@nkbkdesigncenter.com
https://www.houzz.com/professionals/home-builders/california-construction-bay-area-inc-pfvwus-pf~1890589507,California Construction Bay Area Inc.,(669) 235-0016,"San Jose, California 95124 United States",https://caconstructionbayarea.com,cccbayarea@yahoo.com
https://www.houzz.com/professionals/general-contractors/inspired-builders-inc-pfvwus-pf~1455914172,Inspired Builders Inc,(669) 800-9899,"Sunnyvale, California 94085 United States",https://www.inspiredbu.com,info@Inspiredbu.com
https://www.houzz.com/professionals/general-contractors/ocean-remodel-pfvwus-pf~726731054,Ocean Remodel,(510) 900-5697,"2811 Castro Valley Blvd #111 Castro Valley, California 94546 United States",https://oceanremodel.com/,contact@oceanremodel.com
https://www.houzz.com/professionals/general-contractors/only-kitchens-and-baths-inc-pfvwus-pf~1866383056,Only Kitchens and Baths Inc,(888) 884-8613,"95 3rd Str, 2nd Floor #143 San Francisco, California 94103 United States",https://www.onlykitchensandbaths.com,StyleRoom@demolink.org
https://www.houzz.com/professionals/general-contractors/edri-construction-pfvwus-pf~440174482,Edri Construction,(415) 949-6300,"701 Cortland Ave. San Francisco, California 94110 United States",https://www.edriconstruction.com,info@edriconstruction.com
https://www.houzz.com/professionals/kitchen-and-bath-remodelers/refresh-and-build-pfvwus-pf~1328542124,Refresh and Build,(415) 965-2339,"126 Oakdale avenue Mill valley, California 94941 United States",https://refreshandbuild.com,info@refreshandbuild.com
https://www.houzz.com/professionals/general-contractors/goray-builders-pfvwus-pf~1200162668,Goray Builders,(415) 996-1862,"P.O.Box 514 Larkspur, California 94977 United States",https://dmgoray.houzzsite.com,dmgoray@mac.com
https://www.houzz.com/professionals/general-contractors/argos-construction-pfvwus-pf~2081497433,Argos Construction,(415) 926-1299,"191 Beacon Street South San Francisco, California 94080 United States",https://argosconstructionsf.com,argosconstruction1@gmail.com
https://www.houzz.com/professionals/general-contractors/contractor-2-0-pfvwus-pf~63344150,Contractor 2.0,(707) 720-7826,"Fairfield, California 94533 United States",https://contractor20.com,contractor2.0service@gmail.com
https://www.houzz.com/professionals/general-contractors/nuhome-remodeling-pfvwus-pf~2118089612,NuHome Remodeling,(408) 762-4713,"123 E. San Carlos st, #454 san jose, California 95112 United States",https://nuhomeremodeling.com,Info@nuhomeremodeling.com
https://www.houzz.com/professionals/home-builders/green-california-builders-inc-pfvwus-pf~1102393839,Green California Builders Inc.,(408) 212-7336,"2570 N First St. #2nd Floor, San Jose, CA 95131 and 3500 West Olive Avenue St. #300, Burbank, CA 91505 California United States",https://greencaliforniabuilders.com/,greencabuilders@yahoo.com
https://www.houzz.com/professionals/general-contractors/bh-construction-and-development-inc-pfvwus-pf~692629863,BH Construction & Development Inc,(408) 204-4792,"1725 Rogers Ave San Jose, California 95112 United States",https://bhconstructionca.com/,Info@bhconstructionca.net
https://www.houzz.com/professionals/general-contractors/rhino-builders-pfvwus-pf~2084855897,Rhino Builders,(925) 290-6377,"3685 Mount Diablo Blvd. #161 Lafayette, California 94549 United States",https://www.rhinobuilders1989.com,office@rhinobuilders1989.com
https://www.houzz.com/professionals/architects-and-building-designers/sofiov-design-pfvwus-pf~1581446768,Sofiov Design,(650) 683-2942,"Palo Alto, California 94303 United States",https://www.sofiov.com,info@sofiov.com
https://www.houzz.com/professionals/design-build-firms/rockbay-construction-and-remodeling-crop-pfvwus-pf~1137735842,Rockbay Construction & Remodeling crop,(415) 599-8670,"303 Twin Dolphin Dr 6th Floor Redwood City, California 94065 United States",https://Rockbaycnr.com,Info@rockbaycnr.com
https://www.houzz.com/professionals/design-build-firms/gayler-design-build-pfvwus-pf~377493796,Gayler Design Build,(925) 326-6394,"390 Diablo Road #210 Danville, California 94526 United States",https://www.GaylerDesignBuild.com,office@gaylerdesignbuild.com
https://www.houzz.com/professionals/general-contractors/ly-green-construction-inc-pfvwus-pf~792502448,LY Green Construction Inc.,(650) 640-1684,"South San Francisco, California 94080 United States",https://lygreenconstruction.net,info@lyconstruction.net
https://www.houzz.com/professionals/general-contractors/mayer-s-construction-and-remodeling-pfvwus-pf~884585137,Mayer's Construction and Remodeling,(888) 394-4041,"San Carlos, California 94071 United States",https://mayerscnr.com,Scheduling@mayerscnr.com
https://www.houzz.com/professionals/interior-designers-and-decorators/design-matters-pfvwus-pf~25524395,Design Matters,(408) 395-9101,"455 N. Santa Cruz Los Gatos, California 95030 United States",https://www.designmatters.design,projects@designmatters.design
https://www.houzz.com/professionals/general-contractors/masterful-construction-pfvwus-pf~97110977,Masterful Construction,(650) 547-8706,"3 E 3rd Ave San Mateo, California 94401 United States",https://masterfulconstructioninc.com,info@masterfulconstructioninc.com
https://www.houzz.com/professionals/kitchen-and-bath-remodelers/ams-acropolis-construcion-pfvwus-pf~975768914,Ams Acropolis Construcion,(415) 656-6433,"San Francisco, California 94134 United States",https://amsacropolis.com/,amsdesingbuild@gmail.com
https://www.houzz.com/professionals/general-contractors/matthew-w-johnson-general-contractor-pfvwus-pf~1543568513,"Matthew W Johnson, General Contractor",(650) 489-4203,"724 Alameda De Las Pulgas Belmont, California 94002 United States",https://amorepleasanthome.com,matt@amorepleasanthome.com
https://www.houzz.com/professionals/design-build-firms/cage-design-build-pfvwus-pf~1451319764,CAGE Design Build,(408) 693-8109,"P.O. Box 6030 San Jose, California 95150 United States",https://www.cagedesignbuild.com,info@cagedesignbuild.com
https://www.houzz.com/professionals/general-contractors/mr-and-mrs-construction-and-remodeling-pfvwus-pf~633170617,Mr. & Mrs. Construction & Remodeling,(408) 351-7809,"1500 Wyatt Drive Suite 4 Santa Clara, California 95054 United States",https://www.Mrandmrscnr.com,info@mrandmrscnr.com
https://www.houzz.com/professionals/kitchen-and-bath-remodelers/bark-and-build-builders-pfvwus-pf~1641044335,Bark & Build Builders,(925) 578-3082,"2010 Crow Canyon Pl Suite 100 San Ramon, California 94546 United States",https://barkandbuild.com,barknbuild@gmail.com
https://www.houzz.com/professionals/general-contractors/aa-quality-construction-pfvwus-pf~1295410241,AA Quality Construction,(925) 258-2830,"Dublin, California 94568-1814 United States",https://aaqualityconstruction.com/,Admin@aaqualityc.com
https://www.houzz.com/professionals/design-build-firms/vma-design-build-pfvwus-pf~691721035,VMA Design Build,(925) 281-3757,"Walnut Creek, California 94596 United States",https://vmadesignbuild.com,info@vmadesignbuild.com
https://www.houzz.com/professionals/home-builders/bespoke-tailored-construction-pfvwus-pf~852743170,Bespoke Tailored Construction,(925) 477-5081,"801 Camelia Street, Unite E Berkeley, California 94710 United States",https://bespoketc.com,daman@bespoketc.com
https://www.houzz.com/professionals/general-contractors/benchmark-design-build-pfvwus-pf~1132619578,Benchmark Design Build,(925) 575-7859,"675 Hartz Avenue Suite 101 Danville, California 94526 United States",https://benchmarkca.com,info@benchmarkca.com
https://www.houzz.com/professionals/design-build-firms/g-family-construction-and-g-design-pfvwus-pf~1098969191,G Family Construction & G Design,(415) 801-3681,"1112 Second St San Rafael, California 94901 United States",https://gfamilyconstruction.com,Zach@G-Landscape-Div.com
https://www.houzz.com/professionals/design-build-firms/creation-7-pfvwus-pf~1133334266,Creation 7,(415) 843-7254,"Walnut Creek, California 94596 United States",https://www.creation7.net,info@creation7.net
https://www.houzz.com/professionals/design-build-firms/ikb-design-and-construction-pfvwus-pf~1350642227,IKB Design & Construction,(650) 941-4384,"346 Main Street Los Altos, California 94022 United States",https://ikb-design-construction-dba7b.houzzsite.com,houzz@ikbinc.com
https://www.houzz.com/professionals/kitchen-and-bath-remodelers/christian-construction-pfvwus-pf~1451419272,Christian Construction,(925) 939-9636,"26 Beaumont Ct. Lafayette, California 94549 United States",https://www.cc-christianconstruction.com,wayne@cc-christianconstruction.com
https://www.houzz.com/professionals/general-contractors/hometech-construction-and-design-pfvwus-pf~1328150988,HomeTech Construction & Design,(408) 542-0833,"228 Hamilton Ave 3rd Floor Palo Alto, California 94031 United States",https://hometechdesignstudio.com,info@hometechconstruction.com
https://www.houzz.com/professionals/design-build-firms/sandj-properties-pfvwus-pf~789142236,S&J Properties,(925) 255-9049,"9000 Crow Canyon Road, Suite S-300 Danville, California 94506 United States",https://propertiesbysj.com,Info@propertiesbysj.com
https://www.houzz.com/professionals/general-contractors/phase2-builders-inc-pfvwus-pf~378108136,PHASE2 BUILDERS INC.,(415) 969-2972,"2261 Market st. San Francisco, California 94114 United States",https://www.phase2builders.com,info@phase2builders.com
https://www.houzz.com/professionals/design-build-firms/heartwood-residential-pfvwus-pf~1955598785,Heartwood Residential,(408) 353-2019,"Campbell, California 95008 United States",https://heartwoodresidential.com,admin@heartwoodresidential.com
https://www.houzz.com/professionals/general-contractors/sandl-remodeling-and-design-pfvwus-pf~2015389967,S&L Remodeling and Design,(925) 261-4906,"Walnut Creek, California 94597 United States",https://slremodel.com,customerservice@slremodel.com
https://www.houzz.com/professionals/general-contractors/future-vision-remodeling-pfvwus-pf~815747663,Future Vision Remodeling,(408) 617-9536,"495 East Brokaw Road San Jose, California 95112 United States",https://futurevisionremodeling.com/,office@futurevisionremodeling.com
https://www.houzz.com/professionals/general-contractors/burton-builders-llc-pfvwus-pf~154583715,Burton Builders LLC,(510) 930-1803,"12488 San Pablo Ave Richmond, California 94805 United States",https://www.burtonbuildersllc.com/,admin@burtonbuildersllc.com
https://www.houzz.com/professionals/general-contractors/ingenious-general-construction-pfvwus-pf~1295640881,Ingenious General Construction,(925) 848-7043,"Antioch, California 94531 United States",https://www.flowcode.com/page/ingeniousgeneralconstruction,support@flowcode.com
https://www.houzz.com/professionals/general-contractors/zume-builders-pfvwus-pf~1831434365,Zume Builders,(650) 727-1093,"Burlingame, California 94010 United States",https://www.zumebuilders.com/,alan@zumebuilders.com
https://www.houzz.com/professionals/general-contractors/dlr-custom-builders-pfvwus-pf~1258571906,DLR Custom Builders,(510) 384-5497,"2160 41st Avenue Oakland, California 94601 United States",https://dlrcb.com,daniela@dlrcb.com
https://www.houzz.com/professionals/general-contractors/dustin-reed-construction-pfvwus-pf~1452006392,Dustin Reed Construction,(925) 548-2107,"San Ramon, California 94583 United States",https://drcremodel.com,dpatrickreed@gmail.com
https://www.houzz.com/professionals/general-contractors/keystone-home-improvements-inc-pfvwus-pf~1890943859,Keystone Home Improvements Inc,(510) 662-0075,"Oakland, California 94605 United States",https://keystoneHomeImprovements.com,manny@keystonehomeimprovementsinc.com
https://www.houzz.com/professionals/kitchen-and-bath-designers/euroluxe-cabinets-inc-pfvwus-pf~1136042646,"EuroLuxe Cabinets, Inc.",(650) 729-8080,"San Carlos, California 94070 United States",https://www.euroluxeinc.com,info@euroluxeinc.com
https://www.houzz.com/professionals/general-contractors/lamorinda-construction-and-consulting-pfvwus-pf~1988173080,Lamorinda Construction & Consulting,(925) 900-8895,"1000 Blackwood Lane Lafayette, California 94549 United States",https://www.lamorindaconstruction.com,info@lamorindaconstruction.com
https://www.houzz.com/professionals/kitchen-and-bath-remodelers/jesse-ososki-art-inc-pfvwus-pf~1200164180,"jesse ososki art, inc.",(424) 238-3955,"446 highland ave San Mateo, California 94401 United States",https://jesseososki.com/,video@2x-300x223.jpg
https://www.houzz.com/professionals/kitchen-and-bath-remodelers/quartz-construction-santa-clara-pfvwus-pf~1387634786,Quartz Construction Santa Clara,(408) 966-2704,"San Jose, California 95125 United States",https://quartzconstructionremodeling.com/,info@quartzconstructionremodeling.com
https://www.houzz.com/professionals/general-contractors/promodeling-inc-pfvwus-pf~1294979809,Promodeling Inc.,(888) 222-8553,"10567 San Pablo Ave. #6 El Cerrito, California 94530 United States",https://www.promodelinginc.com,info@promodelinginc.com
https://www.houzz.com/professionals/kitchen-and-bath-remodelers/bluejay-nest-construction-inc-pfvwus-pf~1706487725,Bluejay Nest Construction Inc.,(408) 692-9830,"Sunnyvale, California 94087 United States",https://www.bluejaynestconstruction.com,Bluejaynest3@gmail.com
https://www.houzz.com/professionals/kitchen-and-bath-remodelers/tree-builders-group-pfvwus-pf~1833183841,Tree Builders Group,(408) 333-9511,"900 E. Hamilton Ave Suite 100 Campbell, California 95008 United States",https://treebuildersgroup.com,treebuildersgroup@gmail.com
https://www.houzz.com/professionals/window-sales-and-installation/alioto-and-associates-restoration-and-development-pfvwus-pf~1384727222,Alioto & Associates Restoration & Development,(650) 667-7754,"187 Devon Drive San Rafael, California 94903 United States",https://www.aliotoandassociates.com,mike@aliotoandassociates.com
https://www.houzz.com/professionals/general-contractors/slater-design-and-construction-pfvwus-pf~279519039,Slater Design and Construction,(408) 882-9750,"5861 Winfield Blvd San Jose, California 95125 United States",https://www.mslaterconstruction.com/,info@mslaterconstruction.com
https://www.houzz.com/professionals/general-contractors/design-remodeling-and-construction-details-pfvwus-pf~793632248,Design Remodeling & Construction Details,(415) 873-9961,San Francisco 94114 United States,https://drcdetails23.com,drcdetails23@gmail.com
https://www.houzz.com/professionals/general-contractors/kaludia-builders-pfvwus-pf~758530561,Kaludia Builders,(415) 309-2044,"Mill Valley, California 94941 United States",https://kaludiabuildersinc.com/,typesetit@att.net
https://www.houzz.com/professionals/general-contractors/vermont-solutions-inc-pfvwus-pf~1867519156,Vermont Solutions Inc,(628) 529-7248,"235 GRAND AVE, SUITE 201 SOUTH SAN FRANCISCO, California 94080 United States",https://www.vermontsolutionsinc.com,marketing@vermontsolutionsinc.com
https://www.houzz.com/professionals/general-contractors/bc-construction-and-development-inc-pfvwus-pf~381586368,BC Construction and Development Inc,(818) 208-9434,"Milpitas, California 95035 United States",https://www.bc-constructioninc.com,Info@bc-constructioninc.com
https://www.houzz.com/professionals/general-contractors/innovation-construction-inc-pfvwus-pf~1673681738,Innovation Construction Inc,(510) 988-1081,"462 Hester Street San Leandro, California 94577 United States",https://www.innovationconstruction.net,info@innovationconstruction.net
https://www.houzz.com/professionals/general-contractors/barsell-construction-inc-pfvwus-pf~315815898,Barsell Construction Inc,(925) 905-9012,"alamo, California 94507 United States",https://www.barsellconstruction.com,john@barsellconstruction.com
https://www.houzz.com/professionals/general-contractors/buildingca-pfvwus-pf~1042755624,BuildingCa,(925) 414-0909,"Alameda, California 94501 United States",https://BuildingCa.com,info@buildingca.com
https://www.houzz.com/professionals/design-build-firms/3e-design-build-pfvwus-pf~130418684,3E Design Build,(408) 508-5598,"4005 Clipper Ct Fremont, California 94538 United States",https://www.3e.design/,INFO@3E.DESIGN
https://www.houzz.com/professionals/general-contractors/bic-construction-pfvwus-pf~691906191,BIC Construction,(415) 660-6679,"110 Tiburon Blvd. Ste 5 Mill Valley, California 94941 United States",https://bicconstruction-sf.com,info@bicconstruction-sf.com
https://www.houzz.com/professionals/kitchen-and-bath-remodelers/parenti-construction-pfvwus-pf~848331298,Parenti  Construction,(925) 255-7628,"1657Lillian st Brentwood, California 94513 United States",https://www.parenticontstruction.com,steveaparenti@aol.com
https://www.houzz.com/professionals/general-contractors/dinardo-design-and-construction-pfvwus-pf~1921584182,Dinardo Design & Construction,(510) 482-2777,"Berekley, California 94710 United States",https://www.dinardoconstruction.com,ana@dinardoconstruction.com
https://www.houzz.com/professionals/general-contractors/lecut-construction-pfvwus-pf~188978974,LeCut Construction,(408) 816-3688,"1762 Technology Drive Suite 204 San Jose, California 95110 United States",https://www.lecut.co,office@lecut.co
https://www.houzz.com/professionals/kitchen-and-bath-remodelers/jj-construction-and-remodeling-pfvwus-pf~977405798,JJ Construction & Remodeling,(650) 668-0789,"San Jose, California 95127 United States",https://jjconstructionremodelinginc.com,jjconstructionremodelinginc@gmail.com
https://www.houzz.com/professionals/design-build-firms/kandh-custom-home-solutions-pfvwus-pf~974459206,K&H Custom Home Solutions,(925) 558-5908,"Livermore, California 94550 United States",https://www.khcustom.com,kenjones@khcustom.com
https://www.houzz.com/professionals/kitchen-and-bath-remodelers/21st-century-home-improvement-pfvwus-pf~756590165,21st Century Home Improvement,(800) 863-8181,"99 Mississippi St San Francisco, California 94107 United States",https://21stcenturyhomeimprovement.com,hello@21stcenturyhomeimprovement.com
https://www.houzz.com/professionals/general-contractors/aaron-hirschfeld-construction-pfvwus-pf~1452193092,Aaron Hirschfeld Construction,(415) 727-8537,"San Rafael, California 94901 United States",https://aaronhirschfeld.com,aaronhconstruction@gmail.com
https://www.houzz.com/professionals/general-contractors/lk-construction-inc-pfvwus-pf~1263018758,LK Construction Inc.,(408) 966-2907,"3100 Melchester Dr San Jose, California 95132 United States",https://www.lkconstruction.us,info@lkconstruction.us
https://www.houzz.com/professionals/general-contractors/jemstone-construction-pfvwus-pf~1510041934,Jemstone Construction,(650) 897-5873,"Davis Street Redwood City, California 94061 United States",https://www.jemstonecx.com,jembuilder@gmail.com
https://www.houzz.com/professionals/general-contractors/rgc-builders-pfvwus-pf~1227522971,RGC Builders,(408) 205-0139,"San Jose, California 95118 United States",https://www.rgcbuilders.net,info@rgcbuilders.net
https://www.houzz.com/professionals/general-contractors/bonsai-builder-construction-pfvwus-pf~2114419328,Bonsai Builder Construction,(408) 374-4115,"14125 Capri Drive, Ste 8b Los Gatos, California 95032 United States",https://www.bonsaibuilder.com/,info@bonsaibuilder.com
https://www.houzz.com/professionals/design-build-firms/blu-leaf-property-solutions-pfvwus-pf~28339251,Blu Leaf Property Solutions,(415) 610-5008,"San Francisco, California 94122 United States",https://blu-leaf.com,ashley@blu-leaf.com
https://www.houzz.com/professionals/general-contractors/devlux-construction-inc-pfvwus-pf~1580189860,Devlux Construction Inc,(408) 913-9537,"San Jose, California 95123 United States",https://devluxconstruction.com,devluxconstruction@gmail.com
https://www.houzz.com/professionals/kitchen-and-bath-remodelers/brownstein-construction-pfvwus-pf~2117388288,Brownstein Construction,(707) 412-3455,"Novato, California 94949 United States",https://brownsteinconstruction.com,Clark@brownsteinconstruction.com
https://www.houzz.com/professionals/general-contractors/k-and-h-construction-development-pfvwus-pf~1263714474,K & H Construction Development -,(415) 629-0377,"145 Judah st San Francisco, California 94112 United States",https://khconstructiondevelopment.com/,info@khconstructiondevelopment.com
https://www.houzz.com/professionals/general-contractors/clarity-construction-pfvwus-pf~567483943,Clarity Construction,(408) 583-6501,"3030 Scott Blvd Santa Clara, California 95054 United States",https://clarity-construction.com,Info@Clarity-Construction.com
https://www.houzz.com/professionals/general-contractors/k-and-h-construction-development-pfvwus-pf~2018581103,K & H Construction Development -,(415) 855-2128,"145th Judah St. # 2, CA San Francisco, California 94122 United States",https://khconstructiondevelopment.com/,info@khconstructiondevelopment.com
https://www.houzz.com/professionals/general-contractors/40-shades-of-green-pfvwus-pf~1511697602,40 Shades of Green,(415) 716-6083,"Sausalito/San Francisco, California 94965 United States",https://40shadesofgreen.co/,constructbyrm@aol.com
https://www.houzz.com/professionals/general-contractors/highq-construction-pfvwus-pf~1892533923,HighQ Construction,(650) 613-4261,"5600 Sunol Blvd Pleasanton, California 94566 United States",https://highqcon.com,highqconstruct@gmail.com
https://www.houzz.com/professionals/kitchen-and-bath-remodelers/my-remodeling-group-pfvwus-pf~63589766,My Remodeling Group,(510) 757-1787,"2315 Market st Unit C7 Oakland, California 94607 United States",https://www.myremodelingroup.com,info@myremodelingroup.com
https://www.houzz.com/professionals/general-contractors/wilson-general-contracting-inc-pfvwus-pf~2017383623,WILSON GENERAL CONTRACTING INC.,(925) 915-1606,"Mountain House, California 95391 United States",https://www.wilsongeneral-contracting.com/,w_generalcontractor@yahoo.com
https://www.houzz.com/professionals/kitchen-and-bath-remodelers/turnkey-restoration-inc-pfvwus-pf~1674581754,Turnkey Restoration Inc,(408) 539-5940,"210 San Jose Ave #14 San Jose, California 95125 United States",https://turnkeyrestorationinc.com,info@turnkeyrestorationinc.com
https://www.houzz.com/professionals/general-contractors/realty-builders-inc-pfvwus-pf~94315937,"Realty Builders, Inc.",(844) 360-2677,"50 California Street Suite 1500 San Francisco, California 94111 United States",https://www.realtybuildersinc.com,realtybuildersinc@gmail.com
https://www.houzz.com/professionals/kitchen-and-bath-remodelers/remodeling-specialties-by-roldan-pfvwus-pf~755783873,Remodeling Specialties by Roldan,(707) 732-0299,"Napa, California United States",https://rsr-construction.com,eroldan71@comcast.net
https://www.houzz.com/professionals/general-contractors/fantastico-design-and-build-inc-pfvwus-pf~508139080,Fantastico Design and Build Inc.,(669) 667-9440,"51 E. Campbell Ave #914 Campbell, California 95008 United States",https://www.fantasticodesignandbuildinc.com,letstalk@fantasticodesignandbuildinc.com
https://www.houzz.com/professionals/kitchen-and-bath-remodelers/crowworksdesign-pfvwus-pf~218441505,Crowworksdesign,(510) 520-7989,"1440 Drake Way San Pablo, California 94806 United States",https://Crowworksdesign.com,crowworksdesign@gmail.com
https://www.houzz.com/professionals/general-contractors/unique-home-design-and-remodeling-pfvwus-pf~1353786023,UNIQUE HOME DESIGN & REMODELING,(877) 365-7830,"REDWOOD CITY, California 94061 United States",https://www.uniquehomedesigncenter.com/,info@uniquehomedesigncenter.com
https://www.houzz.com/professionals/general-contractors/top-line-home-remodeling-pfvwus-pf~29959111,Top Line Home Remodeling,(650) 605-5066,"2096 Walsh Ave STE 1 Santa Clara, California 95050 United States",https://toplineremodeling.com/,topline@toplineremodeling.com
https://www.houzz.com/professionals/kitchen-and-bath-remodelers/golden-west-renovations-pfvwus-pf~60876726,Golden West Renovations,(707) 333-7150,"4592 East Second Street Suite M Benicia, California 94510 United States",https://www.goldenwestrenovations.com/,info@goldenwestrenovations.com
https://www.houzz.com/professionals/home-builders/tracery-professional-builders-inc-pfvwus-pf~2080738245,"Tracery Professional Builders, Inc.",(408) 763-4626,"251 E Hacienda Ave. Suite D Campbell, California 95008 United States",https://www.tracerybuilders.com,info@tracerybuilders.com
https://www.houzz.com/professionals/general-contractors/marin-construction-pfvwus-pf~1009849601,Marin Construction,(415) 741-7415,"San Rafael, California 94901 United States",https://www.marinkitchenbath.com/,FaridMohsini@gmail.com
https://www.houzz.com/professionals/design-build-firms/atelier-19ad6-inc-pfvwus-pf~310741726,Atelier 19AD6 Inc.,(510) 376-8816,"1653 Polk St. San Francisco, California 94109 United States",https://atelier19ad6.com,info@Atelier19AD6.com
https://www.houzz.com/professionals/general-contractors/jian-lou-construction-maison-eureka-pfvwus-pf~919037020,Jian Lou Construction - Maison Eureka,(415) 857-1808,"San Francisco, California 94118 United States",https://www.eurekainvfund.com/maison-eureka,info@eurekainvfund.com
https://www.houzz.com/professionals/kitchen-and-bath-remodelers/del-rio-stone-pfvwus-pf~1133315342,Del Rio Stone,(650) 473-9303,"Redwood City, California 94063 United States",https://delriostone.com,rfp@delriostone.com
https://www.houzz.com/professionals/kitchen-and-bath-designers/design-set-match-pfvwus-pf~1384214050,Design Set Match,(510) 285-0870,"Berkeley, California 94707 United States",https://www.designsetmatch.com,info@designsetmatch.com
https://www.houzz.com/professionals/interior-designers-and-decorators/carmit-oron-interior-design-pfvwus-pf~629690009,Carmit Oron Interior Design,(408) 649-8784,"Sunnyvale, California 94087 United States",https://www.carmitoron.com,info@carmitoron.com
https://www.houzz.com/professionals/design-build-firms/hdr-remodeling-inc-pfvwus-pf~503327008,HDR Remodeling Inc.,(510) 845-6100,"1889 Alcatraz Ave Berkeley, California 94703 United States",https://www.HDRremodeling.com,hdr@hdrremodeling.com
https://www.houzz.com/professionals/general-contractors/hometelligent-inc-pfvwus-pf~847735134,Hometelligent Inc.,(800) 298-2003,"1164 Solano Ave Albany, California 94706 United States",https://www.hometelligentinc.com,sd@hometelligentinc.com
https://www.houzz.com/professionals/general-contractors/wise-builders-remodeling-pfvwus-pf~631111073,Wise Builders Remodeling,(408) 650-2432,"2355 Paragon Dr San Jose, California 95131 United States",https://www.wisebuilders.org,Wisebuildersremodeling@gmail.com
https://www.houzz.com/professionals/general-contractors/broad-oaks-construction-pfvwus-pf~883693385,Broad Oaks Construction,(415) 324-9479,"Pacifica, California 94044 United States",https://www.broadoaksconstructionsf.com/,kieran@broadoakssf.com
https://www.houzz.com/professionals/design-build-firms/centoni-restoration-and-development-inc-pfvwus-pf~939593483,"Centoni Restoration & Development, Inc.",(415) 829-3111,"230 Broderick Street San Francisco, California 94117 United States",https://centoni.com/,info@centoni.com
https://www.houzz.com/professionals/general-contractors/united-constructors-inc-pfvwus-pf~253782260,"United Constructors, Inc.",(925) 551-4700,"25A Crescent Drive #157 Pleasant Hill, California 94523 United States",https://www.unitedconstructorsinc.com,cash@builduci.com
https://www.houzz.com/professionals/general-contractors/ca-bear-construction-pfvwus-pf~1170768521,CA Bear Construction,(510) 213-8277,"1034 Murray St Berkeley, California 94710 United States",https://cabearconstruction.com,Info@cabearconstruction.com
https://www.houzz.com/professionals/design-build-firms/sf-design-build-pfvwus-pf~1006845205,SF Design Build,(415) 349-0579,"San Francisco, California 94122 United States",https://sfdesign.build,jessica@sfdesignbuild.com
https://www.houzz.com/professionals/general-contractors/edwards-home-remodeling-pfvwus-pf~1639209459,Edwards Home Remodeling,(408) 800-3449,"490 Deguigne Dr Ste 197, Sunnyvale, CA 94085 Sunnyvale, California United States",https://www.edwardshomeremodeling.com/,info@edwardshomeremodeling.com
https://www.houzz.com/professionals/design-build-firms/ridgecrest-designs-pfvwus-pf~2113952956,Ridgecrest Designs,(925) 784-2798,"By Appointment Pleasanton, California 94551 United States",https://www.ridgecrestdesigns.com,jenna@ridgecrestdesigns.com
https://www.houzz.com/professionals/kitchen-and-bath-designers/designed-by-rl-pfvwus-pf~92490617,Designed By RL,(925) 989-3965,"San Ramon, California 94582 United States",https://www.designedbyrl.com,designedbyrl@gmail.com
https://www.houzz.com/professionals/kitchen-and-bath-designers/innovative-interiors-by-sophia-solomon-pfvwus-pf~58862862,Innovative Interiors by Sophia Solomon,(510) 401-3451,"San Pablo, California 94803 United States",https://innovative-sf.com,innovative.sf@gmail.com
https://www.houzz.com/professionals/kitchen-and-bath-remodelers/goodman-home-remodeling-pfvwus-pf~817131379,Goodman Home Remodeling,(408) 675-1081,"1080 Blossom Hill Rd Ste 97, San Jose, CA 95123 San Jose, California United States",https://www.goodmanhomeremodeling.com/,info@goodmanhomeremodeling.com
https://www.houzz.com/professionals/general-contractors/shefer-builder-inc-pfvwus-pf~1228129503,Shefer Builder inc,(510) 571-0060,"3315 Montgomery Drive #218 Santa Clara, California 95054 United States",https://sheferbuilder.com/,sheferbuilder@gmail.com
https://www.houzz.com/professionals/kitchen-and-bath-designers/barbra-bright-design-pfvwus-pf~1862502780,Barbra Bright Design,(415) 686-2928,"please contact for appointment San Francisco, California 94901 United States",https://www.barbrabrightdesign.com,info@barbrabrightdesign.com
https://www.houzz.com/professionals/kitchen-and-bath-designers/moones-home-inc-pfvwus-pf~377602648,"MOONES Home, INC.",(415) 845-9746,"22 Digital Drive Suite G Novato, California 94949 United States",https://mooneshome.com,info@mooneshome.com
https://www.houzz.com/professionals/general-contractors/lux-construction-pfvwus-pf~94417561,LUX Construction,(408) 772-8019,"San Jose, California 95128 United States",https://www.adubylu.com/,appointments@lux-constructions.com
https://www.houzz.com/professionals/general-contractors/w-and-w-builders-group-inc-pfvwus-pf~1672691446,W and W Builders Group Inc.,(408) 799-2004,"2010 El Camino Real Suite 1098 Santa Clara, California 95050 United States",https://www.wandwbuildersgroup.com,info@wandwbuildersgroup.com
https://www.houzz.com/professionals/general-contractors/nurturesource-homes-pfvwus-pf~1040361868,NurtureSource Homes,(510) 868-1021,"1360 Fifth St Berkeley, California 94710 United States",https://www.nurturesourcehomes.com,Sales@nsd-inc.com
https://www.houzz.com/professionals/kitchen-and-bath-designers/project-guru-pfvwus-pf~276894215,Project Guru,(925) 326-6392,"60 Amigo Lane Walnut Creek, California 94596 United States",https://www.yourprojectguru.com/home,johanne@yourprojectguru.com
https://www.houzz.com/professionals/general-contractors/gpi-builders-inc-pfvwus-pf~632169233,"GPI Builders, Inc.",(800) 916-8343,"262 East Hamilton Avenue Unit C Campbell, California 95008 United States",https://www.gpibuilders.com,info@gpibuilders.com
https://www.houzz.com/professionals/general-contractors/fmsprojects-inc-pfvwus-pf~914602680,"FMSProjects, Inc.",(415) 722-9805,"4200 Broadway Suite A Oakland, California 94611 United States",https://www.fmsprojectsinc.com/,fmsprojects@icloud.com
https://www.houzz.com/professionals/general-contractors/bay-scenery-inc-pfvwus-pf~26487327,"Bay Scenery, Inc.",(650) 261-1858,"2483 Old Middlefield Way Suite 160 Mountain View, California 94043 United States",https://www.bayscenery.com/,Info@BayScenery.com
https://www.houzz.com/professionals/kitchen-and-bath-designers/cabinets-and-beyond-design-studio-pfvwus-pf~1736646308,Cabinets and Beyond Design Studio,(415) 863-5550,"1219 Harrison Street San Francisco, California 94103 United States",https://www.cabinetsandbeyond.com,contact@cabinetsandbeyond.com
https://www.houzz.com/professionals/general-contractors/we-do-construction-pfvwus-pf~407273103,We Do Construction,(415) 416-5494,"1528 Union Street San Francisco, California 94123 United States",https://www.Wedoconstructions.com,Info@wdconstructions.com
https://www.houzz.com/professionals/kitchen-and-bath-designers/creative-partner-home-and-design-pfvwus-pf~1006919741,Creative Partner - Home & Design,(408) 871-8100,"Saratoga, California 95070 United States",https://www.creativepartner.com,info@creativepartner.com
https://www.houzz.com/professionals/general-contractors/silicon-valley-renovations-pfvwus-pf~1295101781,Silicon Valley Renovations,(669) 342-4097,"1721 Rodger Ave. #P San Jose, California 95112 United States",https://www.svrenovations.com,SiliconValleyRenovations@gmail.com
https://www.houzz.com/professionals/kitchen-and-bath-designers/and-interior-design-studio-pfvwus-pf~1099003411,AND Interior Design Studio,(510) 876-4209,"Berkeley, California 94707 United States",https://www.anddesigns.com,info@anddesigns.com
https://www.houzz.com/professionals/interior-designers-and-decorators/peruri-design-company-pfvwus-pf~1451490044,Peruri Design Company,(650) 799-3452,"174 Pepper Drive Los Altos, California 94022 United States",https://www.peruridesigncompany.com/,info@peruridesigncompany.com
https://www.houzz.com/professionals/general-contractors/leonardo-construction-pfvwus-pf~1418319457,Leonardo Construction,(415) 425-0995,"Mill Valley, California 94941 United States",https://www.leonardoconstruction.com,millie@leonardoconst.com
https://www.houzz.com/professionals/general-contractors/podesta-construction-pfvwus-pf~503407248,Podesta Construction,(415) 642-1600,"344 Connecticut Street San Francisco, California 94107 United States",https://www.podestaconstruction.com,info@podestaconstruction.com
https://www.houzz.com/professionals/general-contractors/sky-tech-builders-pfvwus-pf~792910020,Sky Tech Builders,(800) 991-5137,"San Jose, California 95131 United States",https://skytechbuilders.com/,skytechbuildersinc@gmail.com
https://www.houzz.com/professionals/interior-designers-and-decorators/jennifer-wundrow-interior-design-inc-pfvwus-pf~1170193605,"Jennifer Wundrow Interior Design, Inc.",(415) 429-1627,"534 Belle Avenue SAN RAFAEL, California 94901 United States .bpPWFx.bpPWFx{box-sizing:border-box;margin:0;margin-bottom:16px;text-align:left;}/*!sc*/
data-styled.g1[id=""sc-183mtny-0""]{content:""eISqkk,eRcCSc,iaPDsO,lcWyTG,apVDj,bIZbqc,dbBdzY,iwpKoq,fMYYry,fa-DRMH,jkXxpw,hiPYeJ,cjfLOV,gyiGJx,jmgtBP,eEHutE,dTZPAI,gqHRMT,vZriX,bVvATD,jYjqDd,iHRmMT,cpfqNv,bTVdfz,gHJxEV,kANnbl,jJzknL,ktjfXi,yRqgT,fhLUso,ccRRlY,gRRxqO,hqgTBb,duxbNC,ehNXeB,dQkEMG,kiNHks,dYzUS,lnQdrs,hCAUzK,dcNjRS,hTSLyQ,jnSGBS,cXqTqj,hvBRcA,bLbsBp,sPCuR,jirHer,cCOeVi,bwSZcO,bpPWFx,""}/*!sc*/
.bbphID.bbphID{-webkit-align-items:center;-webkit-box-align:center;-ms-flex-align:center;align-items:center;-webkit-appearance:none;-moz-appearance:none;appearance:none;border:none;box-sizing:border-box;cursor:pointer;font-family:inherit;font-weight:bold;-webkit-text-decoration:none;text-decoration:none;text-align:center;-webkit-tap-highlight-color:transparent;display:block;position:relative;border-radius:4px;width:100%;white-space:nowrap;-webkit-transition:all 75ms ease-in-out;transition:all 75ms ease-in-out;padding-left:16px;padding-right:16px;padding-top:8px;padding-bottom:8px;font-size:16px;line-height:24px;background-color:#222222;color:#FFFFFF;border-radius:4px;box-sizing:border-box;margin:0;width:medium;height:medium;}/*!sc*/
.bbphID.bbphID:hover,.bbphID.bbphID[data-active=""true""]{background-color:#727169;color:#FFFFFF;}/*!sc*/
.bbphID.bbphID:focus{box-shadow:0 0 0 3px rgba(114,113,105,0.6);color:#FFFFFF;}/*!sc*/
.bbphID.bbphID:focus:not(:focus-visible){box-shadow:none;}/*!sc*/
.bbphID.bbphID:active{background-color:#222222;color:#FFFFFF;box-shadow:none;}/*!sc*/
.bbphID.bbphID:visited{color:#FFFFFF;}/*!sc*/
.bbphID.bbphID:disabled:not([data-loading=true]){background-color:#DFDACE;color:#FFFFFF;}/*!sc*/
.bbphID.bbphID::before{background-color:#E8E5DC;}/*!sc*/
.bbphID.bbphID:focus{outline:none;}/*!sc*/
.bbphID.bbphID svg{margin:0;}/*!sc*/
data-styled.g5[id=""sc-1qppj2g-0""]{content:""kHhJIu,kwwvcp,hULPFE,izUYdF,cPgaaz,hgzdgj,coCjzp,hOyfMb,jsByQw,kHQkZy,YHNtz,bbphID,""}/*!sc*/
.eAgsZH.eAgsZH{grid-column:1 / span 2;}/*!sc*/
data-styled.g49[id=""sc-1uw6j8i-0""]{content:""hNCBYN,eAgsZH,""}/*!sc*/
.dTocCd{height:592px;width:600px;}/*!sc*/
.dTocCd.dTocCd.dTocCd{position:relative;padding:80px 16px 16px;}/*!sc*/
.dTocCd > div:nth-child(2){height:100%;display:-webkit-box;display:-webkit-flex;display:-ms-flexbox;display:flex;-webkit-flex-direction:column;-ms-flex-direction:column;flex-direction:column;-webkit-box-pack:justify;-webkit-justify-content:space-between;-ms-flex-pack:justify;justify-content:space-between;-webkit-align-items:center;-webkit-box-align:center;-ms-flex-align:center;align-items:center;}/*!sc*/
data-styled.g329[id=""sc-faUpoM""]{content:""dTocCd,""}/*!sc*/
.hRUgXn{height:0.1vh;}/*!sc*/
data-styled.g574[id=""StickyRail__HeightChangeProbe-sc-1hf4lx6-0""]{content:""hRUgXn,""}/*!sc*/",https://www.jenniferwundrow.com,design@jenniferwundrow.com
https://www.houzz.com/professionals/design-build-firms/bear-remodeling-inc-pfvwus-pf~1639468431,BEAR Remodeling inc,(925) 567-3021,"2678 N Main St Unit #28 Walnut Creek, California 94597 United States",https://www.BEARemodeling.com,service@bearemodeling.com
https://www.houzz.com/professionals/general-contractors/361-construction-inc-pfvwus-pf~1419555937,"361 Construction, Inc.",(415) 881-8787,"Oakland, California 94619 United States",https://361construction.com,OFFICE@361CONSTRUCTION.COM
https://www.houzz.com/professionals/general-contractors/dc-construction-inc-pfvwus-pf~849064206,DC Construction Inc.,(510) 536-1068,"Oakland, California 94601 United States",https://www.dcconstructioninc.com,info@dcconstructioninc.com
https://www.houzz.com/professionals/general-contractors/built-right-design-build-pfvwus-pf~253329236,Built Right Design Build,(925) 444-5666,"Concord, California 94520 United States",https://www.builtrightcnd.com/,info@builtrightcnd.com
https://www.houzz.com/professionals/general-contractors/perez-construction-pfvwus-pf~1640221823,Perez Construction,(415) 887-2204,"San Francisco, California 94112 United States",https://perezconstruction.com/,info@perezconstruction.com
https://www.houzz.com/professionals/general-contractors/superb-builders-and-custom-made-cabinetry-inc-pfvwus-pf~755852789,Superb Builders and Custom Made Cabinetry Inc.,(650) 630-5477,"Foster City, California 94404 United States",https://superbbuilders.com,info@superbbuilders.com
https://www.houzz.com/professionals/general-contractors/home-by-tom-pfvwus-pf~130228768,Home By Tom,(925) 488-1888,"1261 Locust Street PMB #255 Walnut Creek, California 94596 United States",https://www.homebytom.com,Info@homebytom.com
https://www.houzz.com/professionals/general-contractors/bucktail-builders-inc-pfvwus-pf~382291724,"Bucktail Builders, Inc.",(408) 348-3736,"15466 Los Gatos Blvd Ste 109-115 Los Gatos, California 95032 United States",https://bucktailbuilders.com,gil@finishedsurfaces.com
https://www.houzz.com/professionals/design-build-firms/kms-kitchen-home-pfvwus-pf~663218232,KMS Kitchen + Home,(415) 932-9035,"San Francisco, California 94110 United States",https://www.kmskitchenandhome.com/,info@kmskitchenandhome.com
https://www.houzz.com/professionals/general-contractors/home-quality-remodeling-pfvwus-pf~1638281755,Home Quality Remodeling,(925) 693-7098,"2672-2680 Bayshore Parkway Building 5 Suite 527 Mountain View, California 94043 United States",https://rebrand.ly/kj9e8,dispatch@hqrpro.com
https://www.houzz.com/professionals/general-contractors/integrity-remodeling-inc-pfvwus-pf~2046968570,Integrity Remodeling Inc,(415) 302-0829,PO BOX 3508 Oakland 94609 United States,https://www.integrityremodeling.com/,info@integrityremodeling.com
https://www.houzz.com/professionals/kitchen-and-bath-designers/kitchens-by-ross-pfvwus-pf~1166041981,Kitchens by Ross,(650) 861-3399,"18478 Prospect Rd. Suite A Saratoga, California 95070 United States",https://www.kitchensbyross.com,kitchensbyross@gmail.com
https://www.houzz.com/professionals/general-contractors/williams-construction-pfvwus-pf~1007044081,Williams Construction,(415) 225-1377,"San Francisco, California 94118 United States",https://www.williamsconstructionsf.com,williamsconstruction@gmail.com
https://www.houzz.com/professionals/general-contractors/cameron-c-habel-construction-inc-pfvwus-pf~1921108830,"Cameron C. Habel Construction, Inc.",(510) 531-4090,"3693 Lily St. Oakland, California 94619 United States",https://www.habelconstruction.com,2062d0a4929b45348643784b5cb39c36@sentry.wixpress.com
https://www.houzz.com/professionals/general-contractors/j-e-o-construction-pfvwus-pf~1704303037,J.E.O. Construction,(925) 595-5927,"Pleasant Hill, California 94523 United States",https://www.jeoconstruction.com,8eb368c655b84e029ed79ad7a5c1718e@sentry.wixpress.com
https://www.houzz.com/professionals/interior-designers-and-decorators/pamela-pennington-studios-pfvwus-pf~788539188,Pamela Pennington Studios,(650) 813-1797,"947 Industrial Avenue Palo Alto, California 94303 United States",https://www.pamelapenningtonstudios.com/pages/home,info@pamelapenningtonstudios.com
https://www.houzz.com/professionals/general-contractors/unicon-construction-solutions-pfvwus-pf~2084054893,Unicon Construction Solutions,(415) 547-9402,"1485 Bayshore Blvd #165 San Francisco, California 94124 United States",https://www.uniconsf.com,info@uniconsf.com
https://www.houzz.com/professionals/home-builders/king-david-home-builders-pfvwus-pf~668085980,King David Home Builders,(669) 273-2396,"3000 El Camino Real Building 4 Palo Alto, California 94306 United States",https://kingdavidhomebuilders.com/,support@kingdavidhomebuilders.com
https://www.houzz.com/professionals/general-contractors/gr8work-builders-inc-pfvwus-pf~939965787,GR8WORK Builders Inc.,(650) 369-9675,"745 Warrington Ave Redwood City, California 94063 United States",https://gr8work.com,info@gr8work.com
https://www.houzz.com/professionals/design-build-firms/high-end-remodeling-by-paul-asadov-design-and-build-pfvwus-pf~1988458472,High-End Remodeling by Paul Asadov Design & Build,(415) 710-5884,601 Myra Way San Francisco 94127 United States,https://www.zeusremodeling.com/,dd0a55ccb8124b9c9d938e3acf41f8aa@sentry.wixpress.com
https://www.houzz.com/professionals/kitchen-and-bath-remodelers/ae-kitchen-and-bath-pfvwus-pf~254311668,AE Kitchen & Bath,(408) 930-7740,"5489 Snell Ave Suite 30 San Jose, California 95123 United States",https://www.aeknb.com,info@aeknb.com
https://www.houzz.com/professionals/general-contractors/lifetime-remodeling-inc-pfvwus-pf~790375248,"Lifetime Remodeling, Inc.",(888) 934-2904,"Menlo Park, California 94025 United States",https://www.lifetimeremodeling.co,2062d0a4929b45348643784b5cb39c36@sentry.wixpress.com
https://www.houzz.com/professionals/design-build-firms/j-style-at-home-pfvwus-pf~1098945371,J Style At Home,(415) 727-4326,"3890 Bayshore Blvd. Brisbane, California 94005 United States",https://jstyleathome.com,customer-service@jstyleathome.com
https://www.houzz.com/professionals/interior-designers-and-decorators/studio-nish-interior-design-pfvwus-pf~1669525102,Studio Nish Interior Design,(415) 845-3732,"Lafayette, California 94549 United States",https://www.studionish.com,dalia@studionish.com
https://www.houzz.com/professionals/kitchen-and-bath-designers/kelly-tivey-interior-design-pfvwus-pf~2114354548,Kelly Tivey Interior Design,(925) 222-5828,"275 Rose Ave, Suite 200 Pleasanton, California 94566 United States",https://kellytiveyinteriors.com,info@kellytiveyinteriors.com
https://www.houzz.com/professionals/design-build-firms/brovelli-architecture-construction-pfvwus-pf~151567795,Brovelli Architecture + Construction,(925) 258-5000,"Orinda, California 94563 United States",https://brovellidesignbuild.com,jim@brovellidesignbuild.com
https://www.houzz.com/professionals/kitchen-and-bath-designers/le-reve-design-and-assoc-pfvwus-pf~2080398989,Le Reve Design & Assoc.,(707) 747-4762,"946 Tyler St. Suite E Benicia, California 94510 United States",https://www.lerevedesigns.com,info@lerevedesigns.com
https://www.houzz.com/professionals/general-contractors/denali-builders-and-design-pfvwus-pf~382060520,DENALI BUILDERS & Design,(925) 664-1555,"Fremont, California 94536 United States",https://denalibuilder.com/,tom@denalibuilder.com
https://www.houzz.com/professionals/general-contractors/rightway-home-builders-pfvwus-pf~818472603,Rightway Home Builders,(650) 636-6394,"303 Twin Dolphin Rd suite 600 Redwood city, California 94065 United States",https://www.rightwayhomebuilders.com/,rightwayhomebuilders@gmail.com
https://www.houzz.com/professionals/kitchen-and-bath-remodelers/redshed-pfvwus-pf~2018125487,RedShed,(669) 297-4516,"San Jose, California 95134 United States",https://redshed.pro/,hello@redshed.studio
https://www.houzz.com/professionals/general-contractors/slarve-construction-llc-pfvwus-pf~1169548673,Slarve Construction LLC,(707) 927-3624,"403 Gateway Road West Napa, California 94558 United States",https://www.slarveconstruction.com,contact@slarveconstruction.com
https://www.houzz.com/professionals/general-contractors/art-of-construction-inc-pfvwus-pf~973145058,Art of Construction Inc,(650) 871-6791,"400 Forbes Blvd South San Francisco, California 94080 United States",https://artofconstructioninc.com,AOC@ArtofConstructionInc.com
https://www.houzz.com/professionals/general-contractors/beyond-green-construction-co-pfvwus-pf~347104453,Beyond Green Construction Co,(510) 239-7589,"Oakland, California 94602 United States",https://www.beyondgreen.us,info@beyondgreen.us
https://www.houzz.com/professionals/kitchen-and-bath-remodelers/dreamprint-home-remodeling-inc-pfvwus-pf~1832501593,"Dreamprint Home Remodeling, Inc.",(408) 637-6234,"1900 Camden Ave Suite 101 San Jose, California 95124 United States",https://www.dreamprinthomeremodeling.com,dreamprintremodeling@gmail.com
https://www.houzz.com/professionals/kitchen-and-bath-remodelers/lotus-works-construction-pfvwus-pf~1227281331,Lotus Works Construction,(415) 272-8123,"Mill Valley, California 94942 United States",https://lotusworksconstruction.com,otusWorksConstruction@gmail.com
https://www.houzz.com/professionals/design-build-firms/mansoori-inc-pfvwus-pf~1479846723,Mansoori Inc.,(415) 994-6512,"720 York Street 227 San Francisco, California United States",https://www.mansooriinc.com,info@mansooriinc.com
https://www.houzz.com/professionals/design-build-firms/cerletti-and-kennedy-design-build-pfvwus-pf~503614804,Cerletti & Kennedy Design-Build,(707) 655-0411,"2950 Buskirk Ave #300 Walnut Creek, California 94597 United States",https://www.cerlettikennedy.com,matt@cerlettikennedy.com
https://www.houzz.com/professionals/general-contractors/phil-kline-general-contractor-pfvwus-pf~403305339,Phil Kline - General Contractor,(415) 215-8097,"402 Oakcrest Rd. San Anselmo, California 94960 United States",https://www.philklinegc.com,caroline@philklinegc.com
https://www.houzz.com/professionals/kitchen-and-bath-remodelers/try-tile-installation-llc-pfvwus-pf~1866915240,Try Tile Installation LLC,(925) 222-7150,"115 S 23rd st Richmond, California 94804 United States",https://TRYTILEINSTALLATION.COM,trytilework@gmail.com
https://www.houzz.com/professionals/general-contractors/az-construction-and-design-inc-pfvwus-pf~1740450000,"AZ Construction and Design, Inc.",(800) 504-3839,"98 N 1st St #528 San Jose, California 95113 United States",https://azconstructionanddesign.com/,azconstructioninc@yahoo.com
https://www.houzz.com/professionals/building-designers-and-drafters/ma-designers-pfvwus-pf~1514402738,MA Designers,(415) 763-6934,"San Mateo, California 94403 United States",https://www.ma-designers.com,info@ma-designers.com
https://www.houzz.com/professionals/design-build-firms/rmg-space-designs-pfvwus-pf~1891490707,RMG Space Designs,(408) 505-2163,"San Jose, California 95129 United States",https://rmgspacedesign.com,info@rmgspacedesign.com
https://www.houzz.com/professionals/general-contractors/progress-builders-pfvwus-pf~1350795451,Progress Builders,(650) 206-8666,"508 Quail Bush Ct San Jose, California 95117 United States",https://progress-builders.com,info@progress-builders.com
https://www.houzz.com/professionals/design-build-firms/vista-development-group-pfvwus-pf~1890889939,Vista Development Group,(650) 743-1393,"Los Altos, California 94022 United States",https://www.vistadevelopmentgroup.com,kurt@vistadevelopmentgroup.com
https://www.houzz.com/professionals/home-builders/build-33-pfvwus-pf~1890848907,BUILD 33,(408) 898-4833,"21045 Cory Ct CUPERTINO, California 95014 United States",https://build33.com,alex.zhou@build33.com
https://www.houzz.com/professionals/interior-designers-and-decorators/lulu-design-group-pfvwus-pf~662749248,Lulu Design Group,(650) 269-2046,"Menlo Park, California 94025 United States",https://luludesigngroup.com,CHRIS@LULUDESIGNGROUP.COM
https://www.houzz.com/professionals/general-contractors/kerr-construction-inc-pfvwus-pf~25654983,"Kerr Construction, Inc.",(415) 456-5300,"15 Woodland Ave. San Rafael, California 94901 United States",https://www.kerrconstruction.com,Manager@KerrConstruction.com
https://www.houzz.com/professionals/general-contractors/modern-craft-construction-inc-pfvwus-pf~1703325917,Modern Craft Construction Inc.,(415) 515-1874,"P.O. Box 22025 San Francisco, California 94122 United States",https://moderncraftconstruction.com,info@moderncraftconstruction.com
https://www.houzz.com/professionals/general-contractors/devlin-mcnally-construction-pfvwus-pf~1325470304,Devlin McNally Construction,(415) 503-1718,"3150 18th St. #401 San Francisco, California 94110 United States",https://www.dmcincorporated.com/,info@dmcincorporated.com
https://www.houzz.com/professionals/general-contractors/imagine-unique-remodels-pfvwus-pf~1386767250,Imagine Unique Remodels,(408) 600-0448,"15166 Los Gatos Blvd Los Gatos, California 95032 United States",https://www.imagineunique.com,remodels@imagineunique.com
https://www.houzz.com/professionals/general-contractors/imagine-construction-pfvwus-pf~1199688220,Imagine Construction,(925) 621-0665,"2157 San Ramon Valley blvd San ramon, California 94583 United States",https://www.imagineconst.com,info@ImagineConst.com
https://www.houzz.com/professionals/general-contractors/cools-custom-remodeling-by-jay-inc-pfvwus-pf~311094182,"Cools Custom Remodeling by Jay, Inc.",(408) 353-9692,"1900 Camden Ave. San Jose, California 95124 United States",https://coolscustom.com,info@coolscustom.com
https://www.houzz.com/professionals/design-build-firms/outerlands-design-pfvwus-pf~344272717,Outerlands Design,(415) 987-4302,"884 31st Ave. San Francisco, California 94121 United States",https://www.outerlandsdesign.com,jared@outerlandsdesign.com
https://www.houzz.com/professionals/kitchen-and-bath-remodelers/such-home-enhancements-inc-pfvwus-pf~755546285,"Such Home Enhancements, Inc.",(650) 593-7824,"170 Glenn Way San Carlos, California 94070 United States",https://www.suchinc.com/,Sales@suchinc.com
https://www.houzz.com/professionals/general-contractors/buildmark-inc-pfvwus-pf~1740416944,"BuildMark, Inc.",(510) 484-5765,"Berkeley, California 94707 United States",https://www.buildmarkinc.com,8eb368c655b84e029ed79ad7a5c1718e@sentry.wixpress.com
https://www.houzz.com/professionals/interior-designers-and-decorators/living-interiors-pfvwus-pf~1795794894,Living Interiors,(415) 717-8801,"Novato, California 94947 United States",https://www.livinginteriors.net,kathryn@livinginteriors.net
https://www.houzz.com/professionals/kitchen-and-bath-designers/stewart-design-pfvwus-pf~1199720772,Stewart Design,(831) 246-1339,"Please Contact Me Via Email Sunnyvale, California 94087 United States",https://www.JanetStewartDesigns.com,jstewartdesign@yahoo.com
https://www.houzz.com/professionals/interior-designers-and-decorators/woodard-and-associates-inc-pfvwus-pf~1417769393,Woodard & Associates Inc.,(408) 867-5085,"21025 Bank Mill Lane Saratoga, California 95070 United States",https://www.woodardandassociates.com,carol@woodardandassociates.com
https://www.houzz.com/professionals/design-build-firms/alon-design-and-remodeling-pfvwus-pf~1891055035,Alon Design and Remodeling,(408) 480-8400,"2033 Gateway Pl #556 San Jose, California 95110 United States",https://www.alondesignandremodeling.com/,alonremodeling@gmail.com
https://www.houzz.com/professionals/general-contractors/peninsula-custom-homes-pfvwus-pf~1451300216,Peninsula Custom Homes,(650) 574-0241,"1401 Old County Road San Carlos, California 94070 United States",https://www.pchi.com,info@pchi.com
https://www.houzz.com/professionals/general-contractors/master-v-pfvwus-pf~126408352,Master-V,(415) 845-5424,"San Francisco, California 94116 United States",https://www.mastervconstruction.com,info@mastervconstruction.com
https://www.houzz.com/professionals/design-build-firms/clearsky-builders-pfvwus-pf~1799553706,ClearSky Builders,(408) 335-6446,"2034 Woodard Rd San Jose, California 95124 United States",https://clearskybuildersinc.com/,office@clearskybuildersinc.com
https://www.houzz.com/professionals/kitchen-and-bath-designers/tania-quintero-design-pfvwus-pf~1703317921,Tania Quintero Design,,"Oakland, California 94611 United States",https://WWW.taniaquinterodesign.com,tdquintero@gmail.com
https://www.houzz.com/professionals/general-contractors/feldman-construction-pfvwus-pf~918996208,Feldman Construction,(650) 888-5781,"3392 George Town Pl Santa Clara, California 95051 United States",https://Feldman.Construction,office@feldman.construction
https://www.houzz.com/professionals/kitchen-and-bath-remodelers/cook-s-kitchen-and-bath-inc-pfvwus-pf~1325423700,"Cook's Kitchen and Bath, Inc.",(707) 342-2820,"701 Southampton Rd #103 Benicia, California 94510 United States",https://www.cookskitchenandbath.com,info@cookskitchenandbath.com
https://www.houzz.com/professionals/general-contractors/canseco-construction-pfvwus-pf~1456083768,Canseco Construction,(408) 827-5353,San Francisco 94103 United States,https://www.cansecoconstruction.com/,build@cansecoconstruction.com
https://www.houzz.com/professionals/design-build-firms/bridges-mr-pfvwus-pf~1224804491,Bridges MR,(650) 204-5644,"Palo Alto, California United States",https://elcentrobuilders.com,info@bridgesmr.com
https://www.houzz.com/professionals/general-contractors/r-jurian-construction-inc-pfvwus-pf~1829311857,R. Jurian Construction Inc.,(408) 438-3186,"Menlo Park, California 94025 United States",https://rjurianconstruction.com,8eb368c655b84e029ed79ad7a5c1718e@sentry.wixpress.com
https://www.houzz.com/professionals/interior-designers-and-decorators/sarah-evers-hoffman-interior-design-pfvwus-pf~1829182573,Sarah Evers Hoffman Interior Design,(415) 215-2829,"San Anselmo, California 94979 United States",https://sarahevershoffman.com,Sarah@SarahEversHoffman.com
https://www.houzz.com/professionals/kitchen-and-bath-remodelers/modern-green-construction-pfvwus-pf~1479804043,Modern Green Construction,(888) 622-2017,"14014 e14th st San Leandro, California 94578 United States",https://moderngreenconstructions.com/,info@moderngreenconstructions.com
https://www.houzz.com/professionals/home-builders/arrowtown-construction-general-contractors-inc-pfvwus-pf~562844327,"Arrowtown Construction | General Contractors, Inc.",(707) 934-7465,"POBox 781 Boyes Hot Springs, California 95416 United States",https://www.atcbuild.com,Clayt@ATCbuild.com
https://www.houzz.com/professionals/general-contractors/tycon-builders-inc-pfvwus-pf~1670475414,"Tycon Builders, Inc.",(415) 786-9082,"San Francisco, California 94116 United States",https://info@tyconbuildersinc.com,info@tyconbuildersinc.com
https://www.houzz.com/professionals/home-builders/k-c-customs-inc-pfvwus-pf~1862398176,K.C. Customs Inc.,(408) 385-1914,"132 Gilman Ave. Campbell, California 95008 United States",https://www.kccustomsinc.com,kevin@kccustomsinc.com
https://www.houzz.com/professionals/kitchen-and-bath-remodelers/carey-bros-remodeling-pfvwus-pf~788613200,Carey Bros. Remodeling,(877) 734-6404,"2420 Sand Creek Road C1318 Brentwood, California 94513 United States",https://careybros.com,info@careybros.com
https://www.houzz.com/professionals/general-contractors/hill-16-construction-pfvwus-pf~1258999830,Hill 16 Construction,(408) 594-5024,"1245 Mandarin Drive Sunnyvale, California 94087 United States",https://www.hill16construction.com,paul@hill16construction.com
https://www.houzz.com/professionals/kitchen-and-bath-remodelers/cheryl-ward-design-pfvwus-pf~847598406,Cheryl Ward Design,(408) 691-1518,"Los Gatos, California 95032 United States",https://www.cherylwarddesign.com,cheryl@cherylwarddesign.com
https://www.houzz.com/professionals/general-contractors/mca-remodeling-inc-pfvwus-pf~218858777,MCA Remodeling Inc.,(510) 324-2050,"Hayward, California 94545 United States",https://mcaremodelers.com/,info@mcaremodelers.com
https://www.houzz.com/professionals/general-contractors/grats-decor-design-and-build-inc-pfvwus-pf~92722961,Grats Decor Design & Build Inc.,(415) 593-7323,"San Francisco San Francisco, California 94123 United States",https://GratsDecor.com,info@GratsDecor.com
https://www.houzz.com/professionals/kitchen-and-bath-remodelers/bay-home-builders-pfvwus-pf~1580170688,Bay Home Builders,(408) 206-0832,"142 N Milpitas Blvd #330 Milpitas, California 95035 United States",https://baybuildersconstruction.com/,info@baybuildersconstruction.com
https://www.houzz.com/professionals/design-build-firms/sandra-bird-designs-inc-pfvwus-pf~184700274,"Sandra Bird Designs, Inc.",(415) 927-1171,"Kentfield, California 94904 United States",https://www.sandrabird.com,linda@sandrabird.com
https://www.houzz.com/professionals/general-contractors/blue-dog-construction-and-renovation-pfvwus-pf~1292435317,Blue Dog Construction and Renovation,(510) 260-6058,"887 Oak Street Lafayette, California 94549 United States",https://www.bluedogrenovation.com,andrew@bluedogrenovation.com
https://www.houzz.com/professionals/general-contractors/tamalpais-construction-company-pfvwus-pf~881555189,Tamalpais Construction Company,(415) 299-9083,35 Miller Ave #118 Mill Valley 94941 United States,https://tamconco.com,info@tamconco.com
https://www.houzz.com/professionals/general-contractors/di-vittorio-construction-inc-pfvwus-pf~915231812,"Di Vittorio Construction, Inc.",(408) 655-0570,"1512 Walnut Dr. Campbell, California 95008 United States",https://www.divittorioconstruction.com,roydivittorio@yahoo.com
https://www.houzz.com/professionals/design-build-firms/greenview-inc-pfvwus-pf~404315623,"Greenview, Inc.",(408) 500-8966,"43264 Christy Street Fremont, California 94538 United States",https://gvbuild.com/,contact@gvbuild.com
https://www.houzz.com/professionals/kitchen-and-bath-remodelers/qa-builders-pfvwus-pf~977052474,QA Builders,(669) 213-8077,"1917 Creek Drive San Jose, California 95125 United States",https://www.qabuilders.com,contact@qabuilders.com
https://www.houzz.com/professionals/general-contractors/polanco-s-carpentry-inc-pfvwus-pf~1581473992,Polanco's Carpentry Inc.,(510) 586-3629,"2242 American Ave. Hayward, California 94545 United States",https://www.polancoscarpentry.com/,Polcarinc2017@gmail.com
https://www.houzz.com/professionals/kitchen-and-bath-remodelers/kitchens-and-more-pfvwus-pf~688508595,Kitchens And More,(415) 479-1000,"4178 Redwood Highway San Rafael, California 94903 United States",https://www.kitchensandmore.com,info@kitchensandmore.com
https://www.houzz.com/professionals/general-contractors/e-l-s-home-builders-inc-pfvwus-pf~849358890,E L S Home Builders Inc.,(408) 916-6196,"2043 Annerly Ct San Jose, California 95121 United States",https://elshomebuilders.com,esprague@elshomebuilders.com
https://www.houzz.com/professionals/design-build-firms/heritage-salvage-pfvwus-pf~755856285,Heritage Salvage,(707) 762-6277,"1473 Petaluma Blvd. South Petaluma, California 94952 United States",https://www.heritagesalvage.com/,Office@heritagesalvage.com
https://www.houzz.com/professionals/general-contractors/mcmahon-construction-services-inc-pfvwus-pf~1510299290,"McMahon Construction Services, Inc.",(925) 855-1185,"199 E Linda Mesa Ave., Suite 11 Danville, California 94526 United States",https://www.mcmahonco.com,office@mcmahonco.com
https://www.houzz.com/professionals/design-build-firms/s-e-a-construction-inc-pfvwus-pf~503562324,S.E.A. Construction Inc.,(650) 287-4202,"1009 South Railroad San Mateo, California 94402 United States",https://www.seaconstruction.com,info@seaconstruction.com
https://www.houzz.com/professionals/general-contractors/buildright-construction-pfvwus-pf~440273762,BuildRight Construction,(650) 562-8453,"6525 Crown Blvd #20883 San Jose, California 95160 United States",https://www.thebuildright.com,contact@sansoxygen.com
https://www.houzz.com/professionals/kitchen-and-bath-remodelers/w-b-jordan-inc-pfvwus-pf~2115580984,"W. B. Jordan, Inc.",(415) 564-7546,"San Francisco, California 94127 United States",https://jordansf.com,wbjordansf@gmail.com
https://www.houzz.com/professionals/general-contractors/renovate-max-inc-pfvwus-pf~503679592,Renovate Max Inc.,(408) 781-4540,"18561 McFarland Ave. Saratoga, California 95070 United States",https://www.renovatemax.com,info@renovatemax.com
https://www.houzz.com/professionals/general-contractors/momentum-construction-pfvwus-pf~405625879,Momentum Construction,(415) 963-4581,"37053 Cherry St. 206 Newark, California 94560 United States",https://momentumconstructioninc.com/,risewithmomentum@gmail.com
https://www.houzz.com/professionals/kitchen-and-bath-remodelers/turnerbuilt-pfvwus-pf~1988594724,TurnerBuilt,(650) 726-7800,"101 Main Street Suite H Half Moon Bay, California 94019 United States",https://turnerbuilt.com,bturner@TurnerBuilt.com
https://www.houzz.com/professionals/kitchen-and-bath-remodelers/property-pros-construction-inc-pfvwus-pf~1225228399,"Property Pros Construction, Inc.",(510) 938-3222,"4061 E. Castro Valley Boulevard, #454 Castro Valley, California 94552 United States",https://www.prosremodel.com,mike@prosremodel.com
https://www.houzz.com/professionals/kitchen-and-bath-remodelers/american-kitchen-company-pfvwus-pf~1419750737,American Kitchen Company,(925) 265-6750,"Concord, California 94520 United States",https://AmericanKitchenCompany.com,aaguilar@americankitchencompany.com
https://www.houzz.com/professionals/general-contractors/rebase-building-corporation-pfvwus-pf~348436209,Rebase Building Corporation,(415) 756-9498,"San Francisco, California 94112 United States",https://www.rebasebuilding.com/,info@rebasebuilding.com
https://www.houzz.com/professionals/design-build-firms/beth-soto-pfvwus-pf~1862360648,Beth Soto,(415) 302-6029,"3479 Monroe Avenue Lafayette, California 94549 United States",https://www.bethsoto.com,info@ndiscovered.com
https://www.houzz.com/professionals/general-contractors/solid-builders-pfvwus-pf~850475026,Solid Builders,(669) 278-4444,"123 East San Carlos Street, Suite #524 San Jose, California United States",https://www.solidbuilders.net,info@solidbuilders.net
https://www.houzz.com/professionals/general-contractors/h-h-construction-pfvwus-pf~566651351,H H Construction,(650) 440-3144,"Vicente Drive Sunnyvale, California 94086 United States",https://hhconstruction.com,info@hhconstruction.com
https://www.houzz.com/professionals/general-contractors/qps-inc-pfvwus-pf~1388894634,QPS Inc.,(925) 387-8076,"837 Arnold Dr Suite 8 Martinez, California, California 94553 United States",https://www.qps.contractors/,info@qpsmail.com
https://www.houzz.com/professionals/general-contractors/c-watkins-construction-pfvwus-pf~281909591,C. Watkins Construction,(925) 239-5694,"Oakland, California 94612 United States",https://cwatkinsconstruction.com,camille@cwatkinsconstruction.com
https://www.houzz.com/professionals/kitchen-and-bath-designers/cucina-di-cannelora-pfvwus-pf~151081807,Cucina di Cannelora,(510) 523-3202,"1918 Broadway Alameda, California 94501 United States",https://www.cucinadicannelora.com,info@cdic.co
https://www.houzz.com/professionals/design-build-firms/temescal-design-build-pfvwus-pf~940377851,Temescal Design Build,(410) 259-7817,"Oakland, California 94609 United States",https://www.temescaldb.com,info@temescaldb.com
https://www.houzz.com/professionals/design-build-firms/lga-inc-pfvwus-pf~312988266,"LGA, Inc",(925) 323-6582,"Walnut Creek, California United States",https://www.lga-db.com,chris@lga-db.com
https://www.houzz.com/professionals/general-contractors/millennial-development-inc-pfvwus-pf~1421222033,Millennial Development Inc.,(415) 847-6301,"San Rafael, California 94903 United States",https://millennialdevelopmentinc.com/,Richard@Millennialdevelopmentinc.com
https://www.houzz.com/professionals/general-contractors/danny-gallagher-and-company-pfvwus-pf~1545455177,Danny Gallagher & Company,(415) 290-9104,"Tiburon, California 94920 United States",https://www.dannygallagherco.com,gallagherconst@comcast.net
https://www.houzz.com/professionals/general-contractors/bwb-builders-inc-pfvwus-pf~60915126,BWB Builders Inc.,(408) 287-4886,"San Jose, California United States",https://www.bnwbuild.com,office@bnwbuild.com
https://www.houzz.com/professionals/kitchen-and-bath-remodelers/reliable-home-remodeling-and-construction-pfvwus-pf~818368899,Reliable Home Remodeling & Construction,(415) 745-0833,"San Rafael, California 94903 United States",https://www.HomeRemodelingContractor.com,contact@sansoxygen.com
https://www.houzz.com/professionals/general-contractors/6-remodeling-inc-pfvwus-pf~439751442,"6 Remodeling, Inc",(855) 611-7968,"2880 Stevens Creek Blvd 111 San Jose, California United States",https://6remodeling.com,info@hometechconstruction.com
https://www.houzz.com/professionals/general-contractors/us-creative-builders-pfvwus-pf~279903935,US Creative Builders,(408) 382-9550,"san jose, California United States",https://uscbuilders.com,info@uscbuilders.com
https://www.houzz.com/professionals/general-contractors/the-home-doctors-inc-pfvwus-pf~1132667058,The Home Doctors Inc,(415) 883-4085,"6 Pamaron Way Novato, California 94949 United States",https://www.homedoctors.com,info@homedoctors.com
https://www.houzz.com/professionals/general-contractors/s-a-baxter-inc-pfvwus-pf~184724702,"S. A. Baxter, Inc.",(415) 681-7634,"126 West Portal Avenue San Francisco, California 94127 United States",https://sabaxterbuilders.com,sid@sabaxterinc.com
https://www.houzz.com/professionals/general-contractors/reliable-home-remodeling-and-construction-pfvwus-pf~1924901470,Reliable Home Remodeling & Construction,(415) 745-0833,"San Rafael, California 94901 United States",https://www.HomeRemodelingContractor.com,contact@sansoxygen.com
https://www.houzz.com/professionals/general-contractors/all-phase-builders-pfvwus-pf~563565235,All Phase Builders,(650) 508-8485,"1080 Varian Street San Carlos, California 94070 United States",https://allphase.com,info@allphase.com
https://www.houzz.com/professionals/kitchen-and-bath-designers/premier-kitchens-pfvwus-pf~2013317763,Premier Kitchens,(925) 283-6500,"3373 Mt. Diablo Blvd. Lafayette, California 94549 United States",https://www.premierkitchens.net,info@premierkitchens.net
https://www.houzz.com/professionals/general-contractors/wilkinson-preservation-pfvwus-pf~278174743,Wilkinson Preservation,(650) 581-1940,"206 14th Ave San Mateo, California 94402 United States",https://www.wilkinsonpreservation.com,info@wilkinsonconstructioninc.com
https://www.houzz.com/professionals/general-contractors/james-crist-builders-inc-pfvwus-pf~25303195,"James Crist Builders, Inc.",(650) 965-4737,"2284 Old Middlefield Way Suite 9 Mountain View, California 94043 United States",https://www.jcristbuilders.com,james@jcristbuilders.com
https://www.houzz.com/professionals/building-designers-and-drafters/arch-design-services-pfvwus-pf~315799210,Arch Design Services,(510) 949-3622,21 nightowl ct EL SOBRANTE 94803-2102 United States,https://www.archdesign.design,danilo.archdesign@gmail.com
https://www.houzz.com/professionals/general-contractors/sunbay-construction-pfvwus-pf~1887526731,Sunbay Construction,(650) 922-3462,215 Montclair Road Los Gatos 95032 United States,https://www.sunbayconstruction.com,INFO@SUNBAYCONSTRUCTION.COM
https://www.houzz.com/professionals/general-contractors/ozzy-construction-inc-pfvwus-pf~95257285,Ozzy Construction Inc.,(408) 717-3229,"San Jose, California United States",https://ozzyconstructioninc.com,ozzy@ozzyconstructioninc.com
https://www.houzz.com/professionals/kitchen-and-bath-designers/precision-cabinets-pfvwus-pf~562132219,Precision Cabinets,(925) 634-5552,"145 Middlefield Court Brentwood, California 94513 United States",https://www.precisioncabinets.com/,info@precisioncabinets.com
https://www.houzz.com/professionals/general-contractors/endora-builders-pfvwus-pf~1296337737,Endora Builders,(650) 666-7001,"San Francisco, California 94109 United States",https://www.endorabuilders.com/,aidin@endorabuilders.com
https://www.houzz.com/professionals/kitchen-and-bath-remodelers/lee-tollefsrud-pfvwus-pf~2114784024,Lee Tollefsrud,(510) 325-5262,"301 Chadbourne Way Oakland, California 94619 United States",https://www.yelp.com/biz/lee-tollefsrud-oakland,artfullee@sbcglobal.net
https://www.houzz.com/professionals/general-contractors/betterbuilt-builders-pfvwus-pf~2118509148,BetterBuilt Builders,(669) 208-5151,1828 S Milpitas Blvd Milpitas 95035 United States,https://bbbhomeremodeling.com,info@bbbhomeremodeling.com
https://www.houzz.com/professionals/kitchen-and-bath-remodelers/brajan-construction-inc-pfvwus-pf~1706164245,Brajan Construction Inc,(650) 353-0994,"Sunnyvale, California United States",https://BrajanConstruction.com,Info@brajanconstruction.com
https://www.houzz.com/professionals/general-contractors/castro-home-builders-pfvwus-pf~1350574059,Castro Home Builders,(650) 483-7651,"1808 Maddux Drive Redwood City, California 94061 United States",https://www.castrohomebuilders.com,hello@castrohomebuilders.com
https://www.houzz.com/professionals/design-build-firms/pacific-rim-design-build-pfvwus-pf~2114503600,Pacific Rim Design + Build,(510) 999-2049,"San Francisco, California 94123 United States",https://www.pacificrimdesign.build/,Jim@PacificRimDesign.Build
https://www.houzz.com/professionals/general-contractors/sm-construction-and-associates-inc-pfvwus-pf~1454637648,SM Construction & Associates Inc.,(415) 756-0778,"Daly City, California 94014 United States",https://www.smconstructionsf.com,info@smconstructionsf.com
https://www.houzz.com/professionals/general-contractors/delia-construction-inc-pfvwus-pf~2080425701,DElia Construction Inc.,(650) 483-3359,"41 West Poplar Avenue San Mateo, California 94402 United States",https://www.deliaconstruction.net,info@deliaconstruction.net
https://www.houzz.com/professionals/general-contractors/heirloom-builders-pfvwus-pf~1418089597,Heirloom Builders,(415) 416-8146,"Alameda, California 94501 United States",https://www.heirloombuildersca.com,info@heirloombuildersca.com
https://www.houzz.com/professionals/kitchen-and-bath-designers/kb-associates-pamela-baird-ckd-allied-asid-pfvwus-pf~1635952987,"KB Associates- Pamela Baird, CKD, Allied ASID",(650) 740-4847,"Redwood City, California 94063 United States",https://www.kbassocdesigns.com,pamkbassoc@jps.net
https://www.houzz.com/professionals/general-contractors/building-alchemy-pfvwus-pf~1921466742,Building Alchemy,(415) 272-8756,"San Rafael, California 94901 United States",https://www.buildingalchemy.com,tim4vi@sbcglobal.net
https://www.houzz.com/professionals/general-contractors/rojas-construction-and-remodeling-inc-pfvwus-pf~789446488,Rojas Construction & Remodeling Inc.,(925) 584-6911,"2072 Essenay Ave Walnut Creek, California 94597 United States",https://www.rojasremodel.com/,Tito@RojasConstruction.net
https://www.houzz.com/professionals/general-contractors/umlaut-interiors-pfvwus-pf~2116441304,Umlaut Interiors,(415) 993-3131,"San Francisco, California 94110 United States",https://www.umlautinteriors.com,emily@umlautinteriors.com
https://www.houzz.com/professionals/design-build-firms/stylit-usa-inc-pfvwus-pf~221188141,Stylit USA Inc.,(669) 246-2202,"San Jose, California United States",https://www.stylitusa.com,Office@stylitusa.com
https://www.houzz.com/professionals/design-build-firms/samuel-sinnott-and-company-pfvwus-pf~1258557466,Samuel Sinnott and Company,(650) 996-4097,"Menlo Park, California 94025 United States",https://www.sinnottandco.com,sam@sinnottandco.com
https://www.houzz.com/professionals/general-contractors/roberts-custom-builders-inc-pfvwus-pf~402778535,"Roberts Custom Builders, Inc.",(408) 340-5287,"Los Gatos, California 95032 United States",https://builtbyroberts.com,home@builtbyroberts.com
https://www.houzz.com/professionals/general-contractors/fine-eye-construction-pfvwus-pf~1292956261,Fine Eye Construction,(510) 384-1150,Alameda 94501 United States,https://FineEyeConstruction.com,office@fineeyeconstruction.com
https://www.houzz.com/professionals/general-contractors/gar-cal-corporation-pfvwus-pf~1891035559,GAR-CAL CORPORATION,(925) 523-3682,"1056 Serpentine Lane Suite C Pleasanton, California 94566 United States",https://garcalconstruction.com,info@garcalconstruction.com
https://www.houzz.com/professionals/general-contractors/lc-remodeling-construction-pfvwus-pf~565940623,LC Remodeling Construction,(650) 219-8822,"Call for Appointment Daly City, California 94015 United States",https://lcremodelingconstruction.com,info@lcrconstructionbayarea.com
https://www.houzz.com/professionals/general-contractors/jkf-construction-inc-pfvwus-pf~1225304363,"JKF Construction, Inc.",(408) 641-8772,"233 E. Weddell Dr. Suite L Sunnyvale, California 94089 United States",https://www.jkfconstruction.com,home@jkfconstruction.com
https://www.houzz.com/professionals/general-contractors/atlas-general-construction-pfvwus-pf~1832536953,Atlas General Construction,(650) 660-6141,"37390 Cedar Blvd., Suite B Newark, California 94560 United States",https://www.atlasgeneralconstruction.net,info@atlasgeneralconstruction.net
https://www.houzz.com/professionals/general-contractors/generation-builders-inc-pfvwus-pf~1229541415,Generation Builders Inc.,(415) 259-1300,"1423 Rollins Road Burlingame, California 94010 United States",https://generation-builder.com/,office@generation-builder.com
https://www.houzz.com/professionals/general-contractors/durabuilt-construction-inc-pfvwus-pf~1327013520,DuraBuilt Construction Inc.,(408) 509-2526,"Sunnyvale, California 94087 United States",https://www.durabuiltconstructioninc.com,info@durabuiltconstructioninc.com
https://www.houzz.com/professionals/kitchen-and-bath-remodelers/sebastian-francese-general-contractor-pfvwus-pf~312564358,Sebastian Francese General Contractor,(510) 290-6455,"Richmond, California United States",https://www.sfgc.biz,sebastianfrancese@gmail.com
https://www.houzz.com/professionals/cabinets-and-cabinetry/california-s-custom-cabinetry-and-construction-pfvwus-pf~1007748577,California's Custom Cabinetry & Construction,(707) 975-2288,"1313 Stub Road Petaluma, California 94954 United States",https://calcustomcabinetry.com/,basim@calcustomcabinetry.com
https://www.houzz.com/professionals/general-contractors/disceli-construction-pfvwus-pf~27515679,DISCELI Construction,(510) 461-9044,"San Jose, California 95008 United States",https://www.disceliconstruction.com,Disceliconstruction@gmail.com
https://www.houzz.com/professionals/general-contractors/divine-appointed-construction-pfvwus-pf~471312125,Divine Appointed Construction,(510) 967-4499,"Vallejo, California 94591 United States",https://divineappointedconstruction.com,daconstruction79@gmail.com
https://www.houzz.com/professionals/general-contractors/consolid-pfvwus-pf~1741158708,Consolid,(650) 200-3251,"San Mateo, California 94401 United States",https://www.consolidinc.com,support@zohoforms.com
https://www.houzz.com/professionals/kitchen-and-bath-remodelers/daniel-tile-inc-pfvwus-pf~1512314414,"Daniel Tile, Inc.",(408) 394-2826,"1775 Monterey Hwy Ste 5A San Jose, California 95112 United States",https://danieltileinc.net/,mymail@mailservice.com
https://www.houzz.com/professionals/general-contractors/rocha-and-son-construction-pfvwus-pf~563164267,Rocha & Son Construction,(650) 712-8181,"P.O. Box 71 Half Moon Bay, California 94019 United States",https://www.rochason.com,info@rochason.com
https://www.houzz.com/professionals/kitchen-and-bath-remodelers/z-and-m-construction-pfvwus-pf~1135634710,Z & M Construction,(408) 529-0232,"San Jose, California United States",https://zandmconstruction.com/,info@zandmconstruction.com
https://www.houzz.com/professionals/general-contractors/elevate-design-build-pfvwus-pf~1451282784,Elevate Design Build,(925) 429-8860,4188 Pickwick Drive Concord 94521 United States,https://www.ElevateDesignBuild.com,info@elevatedesignbuild.com
https://www.houzz.com/professionals/general-contractors/mark-allen-design-and-construction-pfvwus-pf~563634171,Mark Allen Design and Construction,(408) 210-6458,"Contact for Appointment Los Gatos, California 95032 United States",https://www.markallenconstruction.com,Projects@MarkAllenConstruction.com
https://www.houzz.com/professionals/general-contractors/jim-clark-company-pfvwus-pf~1889623663,Jim Clark Company,(925) 525-1092,"Brentwood, California 94513 United States",https://www.jimclarkcompany.com,info@melogranos.com
https://www.houzz.com/professionals/design-build-firms/peters-design-build-pfvwus-pf~562886463,Peters Design-Build,(628) 400-1601,"2746 Judah Street San Francisco, California 94122 United States",https://www.petersdesignbuild.com/,ANDREW@PETERSDESIGNBUILD.COM
https://www.houzz.com/professionals/landscape-contractors/allsite-corp-pfvwus-pf~2050430018,Allsite Corp,(408) 309-0388,"1775 Monterey Rd #30b San Jose, California United States",https://allsitecorp.com/,information@allsitecorp.com
https://www.houzz.com/professionals/kitchen-and-bath-remodelers/mountain-top-construction-llc-pfvwus-pf~439879514,Mountain Top Construction LLC,(800) 988-3778,"1407 Gough St San Francisco, California 94109 United States",https://mtmountaintop.com/,info@mtmountaintop.com
https://www.houzz.com/professionals/cabinets-and-cabinetry/benicia-home-improvement-center-inc-pfvwus-pf~1670062210,Benicia Home Improvement Center inc.,(707) 745-8337,"621 1st St Benicia, California 94510 United States",https://www.beniciahomeimp.com,info@beniciahomeimp.com
https://www.houzz.com/professionals/general-contractors/burton-design-and-construction-llc-pfvwus-pf~281176343,"Burton Design & Construction, LLC",(408) 402-3282,"564 Broadway Sonoma, California 95476 United States",https://burtondesignconstruction.com,info@burtondc.com
https://www.houzz.com/professionals/kitchen-and-bath-designers/alie-zandstra-asid-pfvwus-pf~402725755,Alie Zandstra ASID,(925) 451-5801,"PO Box 1848 Lafayette, California 94549 United States",https://aliezandstra.houzzsite.com,aliezandstra@sbcglobal.net
https://www.houzz.com/professionals/kitchen-and-bath-remodelers/home-pros-kitchen-and-bath-inc-pfvwus-pf~1796156714,"Home Pros Kitchen & Bath, Inc.",(510) 376-7777,"Livermore, California United States",https://www.homepros77.com/,homeprosca77@gmail.com
https://www.houzz.com/professionals/general-contractors/a2z-builders-pfvwus-pf~1170864945,A2Z Builders,(408) 420-5005,"5450 Thornwood Dr. Suite F San Jose, California 95123 United States",https://hector@a2zbuilds.com,hector@a2zbuilds.com
https://www.houzz.com/professionals/general-contractors/william-patrick-design-builders-pfvwus-pf~1703682665,William Patrick Design Builders,(510) 812-5515,"19407 Marna Lane Sonoma, California 95476 United States",https://www.WilliamPatrickBuilders.com,will@wpdbuild.com
https://www.houzz.com/professionals/general-contractors/custom-home-pfvwus-pf~1580592400,Custom Home,(408) 835-8974,"san jose, California 95131 United States",https://www.customhome.us,info@customhome.us
https://www.houzz.com/professionals/kitchen-and-bath-remodelers/homerun-design-build-pfvwus-pf~1043861480,Homerun Design Build,(925) 900-0132,"Walnut Creek, California 94596 United States",https://homerundb.com,contact@homerundb.com
https://www.houzz.com/professionals/general-contractors/mark-hunter-construction-pfvwus-pf~1547542453,Mark Hunter Construction,(650) 465-9157,"51 Hobart Ave, #4 San Mateo, California 94402 United States",https://www.markhunterconstruction.com,contact@sansoxygen.com
https://www.houzz.com/professionals/general-contractors/elikan-construction-inc-pfvwus-pf~381003460,Elikan Construction Inc,(408) 674-4676,"Campbell, California United States",https://www.elikanconstruction.com,info.elikanconstruction@gmail.com
https://www.houzz.com/professionals/general-contractors/kandb-remodeling-and-sons-inc-pfvwus-pf~1225387591,K&B Remodeling & Sons Inc.,(650) 636-4697,"170 S. Spruce South San Francisco, California 94080 United States",https://www.knbremodeling.com,yoniskbremodeling@gmail.com
https://www.houzz.com/professionals/general-contractors/alexander-ross-pfvwus-pf~1202433468,ALEXANDER ROSS,(408) 728-0118,"PO Box 1377 101 S. Santa Cruz Ave Los Gatos, California 95030 United States",https://www.buildlosgatos.com/,alex@buildlosgatos.com
https://www.houzz.com/professionals/general-contractors/robert-hauser-construction-pfvwus-pf~129751052,Robert Hauser Construction,(415) 609-7031,"San Francisco, California 94134 United States",https://roberthauserconstruction.com,bobhauser@live.com
https://www.houzz.com/professionals/general-contractors/ziba-design-and-development-inc-pfvwus-pf~1101187983,Ziba Design and Development Inc.,(408) 348-9422,"SAN JOSE, California 95125 United States",https://www.zibadevelop.com/,zibadevelop@gmail.com
https://www.houzz.com/professionals/home-builders/alward-construction-inc-pfvwus-pf~378263904,"Alward Construction, Inc.",(510) 527-6498,"1035 Carleton Street Berkeley, California 94710 United States",https://www.alwardconstruction.com,info@alwardconstruction.com
https://www.houzz.com/professionals/design-build-firms/christensen-construction-pfvwus-pf~1040705620,Christensen Construction,(415) 385-6209,"1007 Melaleuca Ln Mill Valley, California 94941 United States",https://www.christensenconstruction.biz/,christensenbk@gmail.com
https://www.houzz.com/professionals/design-build-firms/mrcw-design-build-pfvwus-pf~756081529,MRCW Design-Build,(510) 420-7018,"Oakland, California 94603 United States",https://www.mrcwdesignbuild.com,info@mrcwdesignbuild.com
https://www.houzz.com/professionals/kitchen-and-bath-remodelers/north-county-kitchens-pfvwus-pf~92675577,NORTH COUNTY KITCHENS,(415) 883-1800,"2020 Chapman Lane Petaluma, California 94952 United States",https://www.northcountykitchens.com,Andrew@NorthCountyKitchens.com
https://www.houzz.com/professionals/general-contractors/krill-construction-pfvwus-pf~755093773,Krill Construction,(415) 272-1575,"1640 San Anselmo Ave. San Anselmo, California 94960 United States",https://www.krillconstruction.com,moonbk@comcast.net
https://www.houzz.com/professionals/general-contractors/dng-builder-pfvwus-pf~1958980345,DNG Builder,(408) 724-4430,"San Jose, California 95120 United States",https://www.dngbuild.com,eben@eyebytes.com
https://www.houzz.com/professionals/general-contractors/summit-remodeling-company-inc-pfvwus-pf~2080818737,Summit Remodeling Company Inc.,(408) 377-5252,"381 McGlincy Lane Campbell, California 95008 United States",https://www.summitremodel.com,summitremodel@sbcglobal.net
https://www.houzz.com/professionals/general-contractors/pythagoras-construction-llc-pfvwus-pf~508370160,Pythagoras Construction LLC,(510) 363-5850,"Hayward, California 94542 United States",https://pythagconstruction.com,barriosbuild@gmail.com
https://www.houzz.com/professionals/home-builders/century-bay-builders-inc-pfvwus-pf~1136345890,Century Bay Builders Inc.,(888) 660-8574,"San Jose, California 95112 United States",https://centurybaybuildersca.com,info@centurybaybuildersca.com
